date_time,open,high,low,close,volume
2005-04-01,1000.0,1000.0,1000.0,1000.0,0
2005-04-04,1003.4,1003.4,1003.4,1003.4,0
2005-04-05,997.05,997.05,997.05,997.05,0
2005-04-06,1005.2,1005.2,1005.2,1005.2,0
2005-04-07,1002.3,1002.3,1002.3,1002.3,0
2005-04-08,994.84,994.84,994.84,994.84,0
2005-04-11,984.0,984.0,984.0,984.0,0
2005-04-12,991.34,991.34,991.34,991.34,0
2005-04-13,992.43,992.43,992.43,992.43,0
2005-04-15,966.04,966.04,966.04,966.04,0
2005-04-18,956.29,956.29,956.29,956.29,0
2005-04-19,951.76,951.76,951.76,951.76,0
2005-04-20,957.82,957.82,957.82,957.82,0
2005-04-21,970.97,970.97,970.97,970.97,0
2005-04-22,980.78,980.78,980.78,980.78,0
2005-04-25,984.3,984.3,984.3,984.3,0
2005-04-26,981.47,981.47,981.47,981.47,0
2005-04-27,971.66,971.66,971.66,971.66,0
2005-04-28,968.11,968.11,968.11,968.11,0
2005-04-29,953.0,953.0,953.0,953.0,0
2005-05-02,953.08,953.08,953.08,953.08,0
2005-05-03,954.88,954.88,954.88,954.88,0
2005-05-04,964.87,964.87,964.87,964.87,0
2005-05-05,975.34,975.34,975.34,975.34,0
2005-05-06,980.71,980.71,980.71,980.71,0
2005-05-09,992.71,992.71,992.71,992.71,0
2005-05-10,991.31,991.31,991.31,991.31,0
2005-05-11,990.75,990.75,990.75,990.75,0
2005-05-12,997.83,997.83,997.83,997.83,0
2005-05-13,999.66,999.66,999.66,999.66,0
2005-05-16,1009.7,1009.7,1009.7,1009.7,0
2005-05-17,1000.0,1000.0,1000.0,1000.0,0
2005-05-18,1000.6,1000.6,1000.6,1000.6,0
2005-05-19,1005.9,1005.9,1005.9,1005.9,0
2005-05-20,1004.8,1004.8,1004.8,1004.8,0
2005-05-23,1012.6,1012.6,1012.6,1012.6,0
2005-05-24,1017.9,1017.9,1017.9,1017.9,0
2005-05-25,1022.7,1022.7,1022.7,1022.7,0
2005-05-26,1027.09,1027.09,1027.09,1027.09,0
2005-05-27,1026.9,1026.9,1026.9,1026.9,0
2005-05-30,1022.3,1022.3,1022.3,1022.3,0
2005-05-31,1030.4,1030.4,1030.4,1030.4,0
2005-06-01,1033.9,1033.9,1033.9,1033.9,0
2005-06-02,1026.09,1026.09,1026.09,1026.09,0
2005-06-03,1036.59,1036.59,1036.59,1036.59,0
2005-06-04,1038.9,1038.9,1038.9,1038.9,0
2005-06-06,1041.0,1041.0,1041.0,1041.0,0
2005-06-07,1044.9,1044.9,1044.9,1044.9,0
2005-06-08,1050.2,1050.2,1050.2,1050.2,0
2005-06-09,1050.4,1050.4,1050.4,1050.4,0
2005-06-10,1045.8,1045.8,1045.8,1045.8,0
2005-06-13,1048.8,1048.8,1048.8,1048.8,0
2005-06-14,1051.9,1051.9,1051.9,1051.9,0
2005-06-15,1057.8,1057.8,1057.8,1057.8,0
2005-06-16,1050.0,1050.0,1050.0,1050.0,0
2005-06-17,1040.7,1040.7,1040.7,1040.7,0
2005-06-20,1041.9,1041.9,1041.9,1041.9,0
2005-06-21,1048.8,1048.8,1048.8,1048.8,0
2005-06-22,1051.0,1051.0,1051.0,1051.0,0
2005-06-23,1053.4,1053.4,1053.4,1053.4,0
2005-06-24,1060.5,1060.5,1060.5,1060.5,0
2005-06-27,1061.3,1061.3,1061.3,1061.3,0
2005-06-28,1045.4,1045.4,1045.4,1045.4,0
2005-06-29,1054.5,1054.5,1054.5,1054.5,0
2005-06-30,1058.09,1058.09,1058.09,1058.09,0
2005-07-01,1065.0,1065.0,1065.0,1065.0,0
2005-07-04,1079.3,1079.3,1079.3,1079.3,0
2005-07-05,1073.4,1073.4,1073.4,1073.4,0
2005-07-06,1087.7,1087.7,1087.7,1087.7,0
2005-07-07,1069.59,1069.59,1069.59,1069.59,0
2005-07-08,1083.0,1083.0,1083.0,1083.0,0
2005-07-11,1095.8,1095.8,1095.8,1095.8,0
2005-07-12,1097.7,1097.7,1097.7,1097.7,0
2005-07-13,1098.8,1098.8,1098.8,1098.8,0
2005-07-14,1094.2,1094.2,1094.2,1094.2,0
2005-07-15,1106.09,1106.09,1106.09,1106.09,0
2005-07-18,1123.0,1123.0,1123.0,1123.0,0
2005-07-19,1128.7,1128.7,1128.7,1128.7,0
2005-07-20,1132.5,1132.5,1132.5,1132.5,0
2005-07-21,1126.3,1126.3,1126.3,1126.3,0
2005-07-22,1141.0,1141.0,1141.0,1141.0,0
2005-07-25,1149.2,1149.2,1149.2,1149.2,0
2005-07-26,1147.8,1147.8,1147.8,1147.8,0
2005-07-27,1151.9,1151.9,1151.9,1151.9,0
2005-07-29,1144.09,1144.09,1144.09,1144.09,0
2005-08-01,1152.0,1152.0,1152.0,1152.0,0
2005-08-02,1171.9,1171.9,1171.9,1171.9,0
2005-08-03,1171.09,1171.09,1171.09,1171.09,0
2005-08-04,1177.09,1177.09,1177.09,1177.09,0
2005-08-05,1182.2,1182.2,1182.2,1182.2,0
2005-08-08,1167.0,1167.0,1167.0,1167.0,0
2005-08-09,1163.0,1163.0,1163.0,1163.0,0
2005-08-10,1184.7,1184.7,1184.7,1184.7,0
2005-08-11,1197.3,1197.3,1197.3,1197.3,0
2005-08-12,1196.2,1196.2,1196.2,1196.2,0
2005-08-16,1202.59,1202.59,1202.59,1202.59,0
2005-08-17,1215.5,1215.5,1215.5,1215.5,0
2005-08-18,1209.9,1209.9,1209.9,1209.9,0
2005-08-19,1209.0,1209.0,1209.0,1209.0,0
2005-08-22,1204.0,1204.0,1204.0,1204.0,0
2005-08-23,1180.3,1180.3,1180.3,1180.3,0
2005-08-24,1170.2,1170.2,1170.2,1170.2,0
2005-08-25,1182.2,1182.2,1182.2,1182.2,0
2005-08-26,1195.5,1195.5,1195.5,1195.5,0
2005-08-29,1191.7,1191.7,1191.7,1191.7,0
2005-08-30,1206.8,1206.8,1206.8,1206.8,0
2005-08-31,1217.09,1217.09,1217.09,1217.09,0
2005-09-01,1227.09,1227.09,1227.09,1227.09,0
2005-09-02,1231.4,1231.4,1231.4,1231.4,0
2005-09-05,1234.5,1234.5,1234.5,1234.5,0
2005-09-06,1237.0,1237.0,1237.0,1237.0,0
2005-09-08,1245.9,1245.9,1245.9,1245.9,0
2005-09-09,1245.59,1245.59,1245.59,1245.59,0
2005-09-12,1260.3,1260.3,1260.3,1260.3,0
2005-09-13,1268.5,1268.5,1268.5,1268.5,0
2005-09-14,1263.0,1263.0,1263.0,1263.0,0
2005-09-15,1278.09,1278.09,1278.09,1278.09,0
2005-09-16,1288.59,1288.59,1288.59,1288.59,0
2005-09-19,1301.0,1301.0,1301.0,1301.0,0
2005-09-20,1300.0,1300.0,1300.0,1300.0,0
2005-09-21,1281.2,1281.2,1281.2,1281.2,0
2005-09-22,1223.7,1223.7,1223.7,1223.7,0
2005-09-23,1231.5,1231.5,1231.5,1231.5,0
2005-09-26,1271.0,1271.0,1271.0,1271.0,0
2005-09-27,1280.5,1280.5,1280.5,1280.5,0
2005-09-28,1292.9,1292.9,1292.9,1292.9,0
2005-09-29,1293.0,1293.0,1293.0,1293.0,0
2005-09-30,1289.2,1289.2,1289.2,1289.2,0
2005-10-03,1304.9,1304.9,1304.9,1304.9,0
2005-10-04,1320.0,1320.0,1320.0,1320.0,0
2005-10-05,1313.8,1313.8,1313.8,1313.8,0
2005-10-06,1291.0,1291.0,1291.0,1291.0,0
2005-10-07,1287.4,1287.4,1287.4,1287.4,0
2005-10-10,1282.09,1282.09,1282.09,1282.09,0
2005-10-11,1283.9,1283.9,1283.9,1283.9,0
2005-10-13,1266.8,1266.8,1266.8,1266.8,0
2005-10-14,1240.3,1240.3,1240.3,1240.3,0
2005-10-17,1233.7,1233.7,1233.7,1233.7,0
2005-10-18,1226.09,1226.09,1226.09,1226.09,0
2005-10-19,1194.59,1194.59,1194.59,1194.59,0
2005-10-20,1179.09,1179.09,1179.09,1179.09,0
2005-10-21,1198.59,1198.59,1198.59,1198.59,0
2005-10-24,1189.2,1189.2,1189.2,1189.2,0
2005-10-25,1194.5,1194.5,1194.5,1194.5,0
2005-10-26,1188.3,1188.3,1188.3,1188.3,0
2005-10-27,1163.8,1163.8,1163.8,1163.8,0
2005-10-28,1146.3,1146.3,1146.3,1146.3,0
2005-10-31,1172.4,1172.4,1172.4,1172.4,0
2005-11-01,1183.59,1183.59,1183.59,1183.59,0
2005-11-02,1193.5,1193.5,1193.5,1193.5,0
2005-11-07,1214.4,1214.4,1214.4,1214.4,0
2005-11-08,1230.4,1230.4,1230.4,1230.4,0
2005-11-09,1227.8,1227.8,1227.8,1227.8,0
2005-11-10,1232.59,1232.59,1232.59,1232.59,0
2005-11-11,1254.9,1254.9,1254.9,1254.9,0
2005-11-14,1258.4,1258.4,1258.4,1258.4,0
2005-11-16,1266.0,1266.0,1266.0,1266.0,0
2005-11-17,1272.09,1272.09,1272.09,1272.09,0
2005-11-18,1277.8,1277.8,1277.8,1277.8,0
2005-11-21,1270.8,1270.8,1270.8,1270.8,0
2005-11-22,1259.3,1259.3,1259.3,1259.3,0
2005-11-23,1267.7,1267.7,1267.7,1267.7,0
2005-11-24,1277.0,1277.0,1277.0,1277.0,0
2005-11-25,1290.2,1290.2,1290.2,1290.2,0
2005-11-26,1303.5,1303.5,1303.5,1303.5,0
2005-11-28,1315.7,1315.7,1315.7,1315.7,0
2005-11-29,1309.3,1309.3,1309.3,1309.3,0
2005-11-30,1298.59,1298.59,1298.59,1298.59,0
2005-12-01,1317.3,1317.3,1317.3,1317.3,0
2005-12-02,1321.9,1321.9,1321.9,1321.9,0
2005-12-05,1311.6,1311.6,1311.6,1311.6,0
2005-12-06,1311.6,1311.6,1311.6,1311.6,0
2005-12-07,1321.9,1321.9,1321.9,1321.9,0
2005-12-08,1327.7,1327.7,1327.7,1327.7,0
2005-12-09,1344.9,1344.9,1344.9,1344.9,0
2005-12-12,1353.3,1353.3,1353.3,1353.3,0
2005-12-13,1366.0,1366.0,1366.0,1366.0,0
2005-12-14,1363.1,1363.1,1363.1,1363.1,0
2005-12-15,1350.5,1350.5,1350.5,1350.5,0
2005-12-16,1361.3,1361.3,1361.3,1361.3,0
2005-12-19,1374.4,1374.4,1374.4,1374.4,0
2005-12-20,1371.3,1371.3,1371.3,1371.3,0
2005-12-21,1370.9,1370.9,1370.9,1370.9,0
2005-12-22,1374.9,1374.9,1374.9,1374.9,0
2005-12-23,1361.6,1361.6,1361.6,1361.6,0
2005-12-26,1335.9,1335.9,1335.9,1335.9,0
2005-12-27,1360.8,1360.8,1360.8,1360.8,0
2005-12-28,1360.6,1360.6,1360.6,1360.6,0
2005-12-29,1370.4,1370.4,1370.4,1370.4,0
2005-12-30,1382.3,1382.3,1382.3,1382.3,0
2006-01-02,1390.7,1390.7,1390.7,1390.7,0
2006-01-03,1412.0,1412.0,1412.0,1412.0,0
2006-01-04,1421.6,1421.6,1421.6,1421.6,0
2006-01-05,1425.4,1425.4,1425.4,1425.4,0
2006-01-06,1433.8,1433.8,1433.8,1433.8,0
2006-01-09,1439.5,1439.5,1439.5,1439.5,0
2006-01-10,1426.6,1426.6,1426.6,1426.6,0
2006-01-12,1422.7,1422.7,1422.7,1422.7,0
2006-01-13,1424.2,1424.2,1424.2,1424.2,0
2006-01-16,1416.4,1416.4,1416.4,1416.4,0
2006-01-17,1407.1,1407.1,1407.1,1407.1,0
2006-01-18,1397.7,1397.7,1397.7,1397.7,0
2006-01-19,1425.0,1425.0,1425.0,1425.0,0
2006-01-20,1438.2,1438.2,1438.2,1438.2,0
2006-01-23,1434.0,1434.0,1434.0,1434.0,0
2006-01-24,1440.6,1440.6,1440.6,1440.6,0
2006-01-25,1448.0,1448.0,1448.0,1448.0,0
2006-01-27,1471.4,1471.4,1471.4,1471.4,0
2006-01-30,1458.4,1458.4,1458.4,1458.4,0
2006-01-31,1464.3,1464.3,1464.3,1464.3,0
2006-02-01,1449.2,1449.2,1449.2,1449.2,0
2006-02-02,1449.6,1449.6,1449.6,1449.6,0
2006-02-03,1449.5,1449.5,1449.5,1449.5,0
2006-02-06,1470.9,1470.9,1470.9,1470.9,0
2006-02-07,1481.2,1481.2,1481.2,1481.2,0
2006-02-08,1478.6,1478.6,1478.6,1478.6,0
2006-02-10,1492.0,1492.0,1492.0,1492.0,0
2006-02-13,1501.5,1501.5,1501.5,1501.5,0
2006-02-14,1492.4,1492.4,1492.4,1492.4,0
2006-02-15,1493.7,1493.7,1493.7,1493.7,0
2006-02-16,1498.2,1498.2,1498.2,1498.2,0
2006-02-17,1477.0,1477.0,1477.0,1477.0,0
2006-02-20,1473.8,1473.8,1473.8,1473.8,0
2006-02-21,1485.6,1485.6,1485.6,1485.6,0
2006-02-22,1492.0,1492.0,1492.0,1492.0,0
2006-02-23,1491.3,1491.3,1491.3,1491.3,0
2006-02-24,1497.0,1497.0,1497.0,1497.0,0
2006-02-27,1507.2,1507.2,1507.2,1507.2,0
2006-02-28,1504.8,1504.8,1504.8,1504.8,0
2006-03-01,1528.1,1528.1,1528.1,1528.1,0
2006-03-02,1542.1,1542.1,1542.1,1542.1,0
2006-03-03,1547.0,1547.0,1547.0,1547.0,0
2006-03-06,1568.2,1568.2,1568.2,1568.2,0
2006-03-07,1576.0,1576.0,1576.0,1576.0,0
2006-03-08,1548.9,1548.9,1548.9,1548.9,0
2006-03-09,1555.5,1555.5,1555.5,1555.5,0
2006-03-10,1577.3,1577.3,1577.3,1577.3,0
2006-03-13,1586.2,1586.2,1586.2,1586.2,0
2006-03-14,1580.3,1580.3,1580.3,1580.3,0
2006-03-16,1589.3,1589.3,1589.3,1589.3,0
2006-03-17,1586.9,1586.9,1586.9,1586.9,0
2006-03-20,1599.6,1599.6,1599.6,1599.6,0
2006-03-21,1599.1,1599.1,1599.1,1599.1,0
2006-03-22,1587.1,1587.1,1587.1,1587.1,0
2006-03-23,1592.2,1592.2,1592.2,1592.2,0
2006-03-24,1605.7,1605.7,1605.7,1605.7,0
2006-03-27,1622.9,1622.9,1622.9,1622.9,0
2006-03-28,1617.5,1617.5,1617.5,1617.5,0
2006-03-29,1627.6,1627.6,1627.6,1627.6,0
2006-03-30,1646.9,1646.9,1646.9,1646.9,0
2006-03-31,1660.1,1660.1,1660.1,1660.1,0
2006-04-03,1698.6,1698.6,1698.6,1698.6,0
2006-04-04,1710.0,1710.0,1710.0,1710.0,0
2006-04-05,1729.7,1729.7,1729.7,1729.7,0
2006-04-07,1705.3,1705.3,1705.3,1705.3,0
2006-04-10,1713.9,1713.9,1713.9,1713.9,0
2006-04-12,1675.5,1675.5,1675.5,1675.5,0
2006-04-13,1649.3,1649.3,1649.3,1649.3,0
2006-04-17,1680.5,1680.5,1680.5,1680.5,0
2006-04-18,1709.6,1709.6,1709.6,1709.6,0
2006-04-19,1715.9,1715.9,1715.9,1715.9,0
2006-04-20,1727.9,1727.9,1727.9,1727.9,0
2006-04-21,1728.6,1728.6,1728.6,1728.6,0
2006-04-24,1728.7,1728.7,1728.7,1728.7,0
2006-04-25,1696.0,1696.0,1696.0,1696.0,0
2006-04-26,1730.9,1730.9,1730.9,1730.9,0
2006-04-27,1724.1,1724.1,1724.1,1724.1,0
2006-04-28,1725.6,1725.6,1725.6,1725.6,0
2006-04-29,1757.9,1757.9,1757.9,1757.9,0
2006-05-02,1774.5,1774.5,1774.5,1774.5,0
2006-05-03,1783.5,1783.5,1783.5,1783.5,0
2006-05-04,1785.5,1785.5,1785.5,1785.5,0
2006-05-05,1790.1,1790.1,1790.1,1790.1,0
2006-05-08,1799.6,1799.6,1799.6,1799.6,0
2006-05-09,1805.7,1805.7,1805.7,1805.7,0
2006-05-10,1820.2,1820.2,1820.2,1820.2,0
2006-05-11,1799.0,1799.0,1799.0,1799.0,0
2006-05-12,1780.7,1780.7,1780.7,1780.7,0
2006-05-15,1712.7,1712.7,1712.7,1712.7,0
2006-05-16,1707.7,1707.7,1707.7,1707.7,0
2006-05-17,1760.2,1760.2,1760.2,1760.2,0
2006-05-18,1644.4,1644.4,1644.4,1644.4,0
2006-05-19,1577.5,1577.5,1577.5,1577.5,0
2006-05-22,1482.1,1482.1,1482.1,1482.1,0
2006-05-23,1534.1,1534.1,1534.1,1534.1,0
2006-05-24,1513.0,1513.0,1513.0,1513.0,0
2006-05-25,1514.4,1514.4,1514.4,1514.4,0
2006-05-26,1543.3,1543.3,1543.3,1543.3,0
2006-05-29,1551.9,1551.9,1551.9,1551.9,0
2006-05-30,1545.7,1545.7,1545.7,1545.7,0
2006-05-31,1500.5,1500.5,1500.5,1500.5,0
2006-06-01,1452.9,1452.9,1452.9,1452.9,0
2006-06-02,1473.2,1473.2,1473.2,1473.2,0
2006-06-05,1445.8,1445.8,1445.8,1445.8,0
2006-06-06,1398.9,1398.9,1398.9,1398.9,0
2006-06-07,1329.7,1329.7,1329.7,1329.7,0
2006-06-08,1243.59,1243.59,1243.59,1243.59,0
2006-06-09,1315.4,1315.4,1315.4,1315.4,0
2006-06-12,1284.9,1284.9,1284.9,1284.9,0
2006-06-13,1214.7,1214.7,1214.7,1214.7,0
2006-06-14,1187.9,1187.9,1187.9,1187.9,0
2006-06-15,1262.5,1262.5,1262.5,1262.5,0
2006-06-16,1313.8,1313.8,1313.8,1313.8,0
2006-06-19,1335.7,1335.7,1335.7,1335.7,0
2006-06-20,1325.8,1325.8,1325.8,1325.8,0
2006-06-21,1358.2,1358.2,1358.2,1358.2,0
2006-06-22,1389.9,1389.9,1389.9,1389.9,0
2006-06-23,1399.2,1399.2,1399.2,1399.2,0
2006-06-25,1408.0,1408.0,1408.0,1408.0,0
2006-06-26,1350.8,1350.8,1350.8,1350.8,0
2006-06-27,1353.0,1353.0,1353.0,1353.0,0
2006-06-28,1349.8,1349.8,1349.8,1349.8,0
2006-06-29,1356.9,1356.9,1356.9,1356.9,0
2006-06-30,1408.6,1408.6,1408.6,1408.6,0
2006-07-03,1414.9,1414.9,1414.9,1414.9,0
2006-07-04,1414.2,1414.2,1414.2,1414.2,0
2006-07-05,1435.0,1435.0,1435.0,1435.0,0
2006-07-06,1427.2,1427.2,1427.2,1427.2,0
2006-07-07,1399.3,1399.3,1399.3,1399.3,0
2006-07-10,1411.8,1411.8,1411.8,1411.8,0
2006-07-11,1405.2,1405.2,1405.2,1405.2,0
2006-07-12,1421.0,1421.0,1421.0,1421.0,0
2006-07-13,1414.6,1414.6,1414.6,1414.6,0
2006-07-14,1397.6,1397.6,1397.6,1397.6,0
2006-07-17,1355.7,1355.7,1355.7,1355.7,0
2006-07-18,1339.4,1339.4,1339.4,1339.4,0
2006-07-19,1305.3,1305.3,1305.3,1305.3,0
2006-07-20,1331.3,1331.3,1331.3,1331.3,0
2006-07-21,1297.9,1297.9,1297.9,1297.9,0
2006-07-24,1300.5,1300.5,1300.5,1300.5,0
2006-07-25,1328.8,1328.8,1328.8,1328.8,0
2006-07-26,1355.9,1355.9,1355.9,1355.9,0
2006-07-27,1375.2,1375.2,1375.2,1375.2,0
2006-07-28,1382.5,1382.5,1382.5,1382.5,0
2006-07-31,1393.9,1393.9,1393.9,1393.9,0
2006-08-01,1388.8,1388.8,1388.8,1388.8,0
2006-08-02,1406.3,1406.3,1406.3,1406.3,0
2006-08-03,1412.4,1412.4,1412.4,1412.4,0
2006-08-04,1406.2,1406.2,1406.2,1406.2,0
2006-08-07,1402.9,1402.9,1402.9,1402.9,0
2006-08-08,1424.4,1424.4,1424.4,1424.4,0
2006-08-09,1446.1,1446.1,1446.1,1446.1,0
2006-08-10,1464.5,1464.5,1464.5,1464.5,0
2006-08-11,1476.5,1476.5,1476.5,1476.5,0
2006-08-14,1500.9,1500.9,1500.9,1500.9,0
2006-08-16,1520.5,1520.5,1520.5,1520.5,0
2006-08-17,1512.1,1512.1,1512.1,1512.1,0
2006-08-18,1519.0,1519.0,1519.0,1519.0,0
2006-08-21,1527.3,1527.3,1527.3,1527.3,0
2006-08-22,1525.6,1525.6,1525.6,1525.6,0
2006-08-23,1510.3,1510.3,1510.3,1510.3,0
2006-08-24,1521.0,1521.0,1521.0,1521.0,0
2006-08-25,1532.7,1532.7,1532.7,1532.7,0
2006-08-28,1540.4,1540.4,1540.4,1540.4,0
2006-08-29,1546.4,1546.4,1546.4,1546.4,0
2006-08-30,1546.1,1546.1,1546.1,1546.1,0
2006-08-31,1535.4,1535.4,1535.4,1535.4,0
2006-09-01,1549.8,1549.8,1549.8,1549.8,0
2006-09-04,1573.3,1573.3,1573.3,1573.3,0
2006-09-05,1578.6,1578.6,1578.6,1578.6,0
2006-09-06,1584.1,1584.1,1584.1,1584.1,0
2006-09-07,1578.4,1578.4,1578.4,1578.4,0
2006-09-08,1592.7,1592.7,1592.7,1592.7,0
2006-09-11,1540.4,1540.4,1540.4,1540.4,0
2006-09-12,1554.1,1554.1,1554.1,1554.1,0
2006-09-13,1581.9,1581.9,1581.9,1581.9,0
2006-09-14,1590.0,1590.0,1590.0,1590.0,0
2006-09-15,1592.3,1592.3,1592.3,1592.3,0
2006-09-18,1599.1,1599.1,1599.1,1599.1,0
2006-09-19,1580.5,1580.5,1580.5,1580.5,0
2006-09-20,1593.9,1593.9,1593.9,1593.9,0
2006-09-21,1611.0,1611.0,1611.0,1611.0,0
2006-09-22,1604.2,1604.2,1604.2,1604.2,0
2006-09-25,1597.5,1597.5,1597.5,1597.5,0
2006-09-26,1610.8,1610.8,1610.8,1610.8,0
2006-09-27,1619.6,1619.6,1619.6,1619.6,0
2006-09-28,1624.2,1624.2,1624.2,1624.2,0
2006-09-29,1641.8,1641.8,1641.8,1641.8,0
2006-10-03,1642.7,1642.7,1642.7,1642.7,0
2006-10-04,1627.5,1627.5,1627.5,1627.5,0
2006-10-05,1655.0,1655.0,1655.0,1655.0,0
2006-10-06,1663.2,1663.2,1663.2,1663.2,0
2006-10-09,1666.9,1666.9,1666.9,1666.9,0
2006-10-10,1665.4,1665.4,1665.4,1665.4,0
2006-10-11,1650.7,1650.7,1650.7,1650.7,0
2006-10-12,1671.5,1671.5,1671.5,1671.5,0
2006-10-13,1683.1,1683.1,1683.1,1683.1,0
2006-10-16,1691.4,1691.4,1691.4,1691.4,0
2006-10-17,1684.2,1684.2,1684.2,1684.2,0
2006-10-18,1684.7,1684.7,1684.7,1684.7,0
2006-10-19,1673.5,1673.5,1673.5,1673.5,0
2006-10-20,1680.5,1680.5,1680.5,1680.5,0
2006-10-21,1690.1,1690.1,1690.1,1690.1,0
2006-10-23,1679.0,1679.0,1679.0,1679.0,0
2006-10-26,1688.4,1688.4,1688.4,1688.4,0
2006-10-27,1710.8,1710.8,1710.8,1710.8,0
2006-10-30,1720.4,1720.4,1720.4,1720.4,0
2006-10-31,1711.6,1711.6,1711.6,1711.6,0
2006-11-01,1720.4,1720.4,1720.4,1720.4,0
2006-11-02,1728.4,1728.4,1728.4,1728.4,0
2006-11-03,1733.1,1733.1,1733.1,1733.1,0
2006-11-06,1744.5,1744.5,1744.5,1744.5,0
2006-11-07,1745.4,1745.4,1745.4,1745.4,0
2006-11-08,1728.4,1728.4,1728.4,1728.4,0
2006-11-09,1739.1,1739.1,1739.1,1739.1,0
2006-11-10,1752.9,1752.9,1752.9,1752.9,0
2006-11-13,1770.8,1770.8,1770.8,1770.8,0
2006-11-14,1766.4,1766.4,1766.4,1766.4,0
2006-11-15,1766.3,1766.3,1766.3,1766.3,0
2006-11-16,1766.5,1766.5,1766.5,1766.5,0
2006-11-17,1746.8,1746.8,1746.8,1746.8,0
2006-11-20,1736.4,1736.4,1736.4,1736.4,0
2006-11-21,1765.5,1765.5,1765.5,1765.5,0
2006-11-22,1782.1,1782.1,1782.1,1782.1,0
2006-11-23,1786.3,1786.3,1786.3,1786.3,0
2006-11-24,1795.2,1795.2,1795.2,1795.2,0
2006-11-27,1805.7,1805.7,1805.7,1805.7,0
2006-11-28,1788.1,1788.1,1788.1,1788.1,0
2006-11-29,1798.6,1798.6,1798.6,1798.6,0
2006-11-30,1796.5,1796.5,1796.5,1796.5,0
2006-12-01,1816.6,1816.6,1816.6,1816.6,0
2006-12-04,1825.1,1825.1,1825.1,1825.1,0
2006-12-05,1828.9,1828.9,1828.9,1828.9,0
2006-12-06,1818.1,1818.1,1818.1,1818.1,0
2006-12-07,1819.5,1819.5,1819.5,1819.5,0
2006-12-08,1804.7,1804.7,1804.7,1804.7,0
2006-12-11,1753.7,1753.7,1753.7,1753.7,0
2006-12-12,1684.8,1684.8,1684.8,1684.8,0
2006-12-13,1718.5,1718.5,1718.5,1718.5,0
2006-12-14,1758.8,1758.8,1758.8,1758.8,0
2006-12-15,1776.5,1776.5,1776.5,1776.5,0
2006-12-18,1782.5,1782.5,1782.5,1782.5,0
2006-12-19,1748.4,1748.4,1748.4,1748.4,0
2006-12-20,1740.3,1740.3,1740.3,1740.3,0
2006-12-21,1749.6,1749.6,1749.6,1749.6,0
2006-12-22,1765.3,1765.3,1765.3,1765.3,0
2006-12-26,1790.5,1790.5,1790.5,1790.5,0
2006-12-27,1805.1,1805.1,1805.1,1805.1,0
2006-12-28,1805.3,1805.3,1805.3,1805.3,0
2006-12-29,1814.7,1814.7,1814.7,1814.7,0
2007-01-02,1835.1,1835.1,1835.1,1835.1,0
2007-01-03,1849.1,1849.1,1849.1,1849.1,0
2007-01-04,1846.0,1846.0,1846.0,1846.0,0
2007-01-05,1844.8,1844.8,1844.8,1844.8,0
2007-01-08,1827.8,1827.8,1827.8,1827.8,0
2007-01-09,1817.2,1817.2,1817.2,1817.2,0
2007-01-10,1793.3,1793.3,1793.3,1793.3,0
2007-01-11,1825.9,1825.9,1825.9,1825.9,0
2007-01-12,1862.4,1862.4,1862.4,1862.4,0
2007-01-15,1876.4,1876.4,1876.4,1876.4,0
2007-01-16,1880.3,1880.3,1880.3,1880.3,0
2007-01-17,1886.8,1886.8,1886.8,1886.8,0
2007-01-18,1891.1,1891.1,1891.1,1891.1,0
2007-01-19,1881.9,1881.9,1881.9,1881.9,0
2007-01-22,1881.9,1881.9,1881.9,1881.9,0
2007-01-23,1860.7,1860.7,1860.7,1860.7,0
2007-01-24,1871.2,1871.2,1871.2,1871.2,0
2007-01-25,1895.7,1895.7,1895.7,1895.7,0
2007-01-29,1894.4,1894.4,1894.4,1894.4,0
2007-01-31,1876.9,1876.9,1876.9,1876.9,0
2007-02-01,1894.3,1894.3,1894.3,1894.3,0
2007-02-02,1908.5,1908.5,1908.5,1908.5,0
2007-02-05,1916.7,1916.7,1916.7,1916.7,0
2007-02-06,1918.9,1918.9,1918.9,1918.9,0
2007-02-07,1926.3,1926.3,1926.3,1926.3,0
2007-02-08,1925.0,1925.0,1925.0,1925.0,0
2007-02-09,1896.0,1896.0,1896.0,1896.0,0
2007-02-12,1830.3,1830.3,1830.3,1830.3,0
2007-02-13,1821.9,1821.9,1821.9,1821.9,0
2007-02-14,1825.1,1825.1,1825.1,1825.1,0
2007-02-15,1871.8,1871.8,1871.8,1871.8,0
2007-02-19,1872.8,1872.8,1872.8,1872.8,0
2007-02-20,1850.7,1850.7,1850.7,1850.7,0
2007-02-21,1849.8,1849.8,1849.8,1849.8,0
2007-02-22,1827.0,1827.0,1827.0,1827.0,0
2007-02-23,1785.1,1785.1,1785.1,1785.1,0
2007-02-26,1792.3,1792.3,1792.3,1792.3,0
2007-02-27,1787.8,1787.8,1787.8,1787.8,0
2007-02-28,1723.5,1723.5,1723.5,1723.5,0
2007-03-01,1738.0,1738.0,1738.0,1738.0,0
2007-03-02,1713.9,1713.9,1713.9,1713.9,0
2007-03-05,1635.5,1635.5,1635.5,1635.5,0
2007-03-06,1653.8,1653.8,1653.8,1653.8,0
2007-03-07,1628.3,1628.3,1628.3,1628.3,0
2007-03-08,1681.9,1681.9,1681.9,1681.9,0
2007-03-09,1672.2,1672.2,1672.2,1672.2,0
2007-03-12,1683.4,1683.4,1683.4,1683.4,0
2007-03-13,1701.4,1701.4,1701.4,1701.4,0
2007-03-14,1656.5,1656.5,1656.5,1656.5,0
2007-03-15,1664.1,1664.1,1664.1,1664.1,0
2007-03-16,1650.5,1650.5,1650.5,1650.5,0
2007-03-19,1673.6,1673.6,1673.6,1673.6,0
2007-03-20,1685.8,1685.8,1685.8,1685.8,0
2007-03-21,1701.7,1701.7,1701.7,1701.7,0
2007-03-22,1733.7,1733.7,1733.7,1733.7,0
2007-03-23,1735.0,1735.0,1735.0,1735.0,0
2007-03-26,1722.3,1722.3,1722.3,1722.3,0
2007-03-28,1698.3,1698.3,1698.3,1698.3,0
2007-03-29,1707.0,1707.0,1707.0,1707.0,0
2007-03-30,1724.8,1724.8,1724.8,1724.8,0
2007-04-02,1657.3,1657.3,1657.3,1657.3,0
2007-04-03,1673.4,1673.4,1673.4,1673.4,0
2007-04-04,1689.1,1689.1,1689.1,1689.1,0
2007-04-05,1699.6,1699.6,1699.6,1699.6,0
2007-04-09,1734.3,1734.3,1734.3,1734.3,0
2007-04-10,1741.8,1741.8,1741.8,1741.8,0
2007-04-11,1752.0,1752.0,1752.0,1752.0,0
2007-04-12,1743.3,1743.3,1743.3,1743.3,0
2007-04-13,1772.7,1772.7,1772.7,1772.7,0
2007-04-16,1807.4,1807.4,1807.4,1807.4,0
2007-04-17,1796.5,1796.5,1796.5,1796.5,0
2007-04-18,1806.1,1806.1,1806.1,1806.1,0
2007-04-19,1803.5,1803.5,1803.5,1803.5,0
2007-04-20,1828.4,1828.4,1828.4,1828.4,0
2007-04-23,1830.9,1830.9,1830.9,1830.9,0
2007-04-24,1852.8,1852.8,1852.8,1852.8,0
2007-04-25,1869.5,1869.5,1869.5,1869.5,0
2007-04-26,1869.3,1869.3,1869.3,1869.3,0
2007-04-27,1844.8,1844.8,1844.8,1844.8,0
2007-04-30,1856.6,1856.6,1856.6,1856.6,0
2007-05-03,1881.1,1881.1,1881.1,1881.1,0
2007-05-04,1873.7,1873.7,1873.7,1873.7,0
2007-05-07,1866.6,1866.6,1866.6,1866.6,0
2007-05-08,1846.9,1846.9,1846.9,1846.9,0
2007-05-09,1851.7,1851.7,1851.7,1851.7,0
2007-05-10,1851.8,1851.8,1851.8,1851.8,0
2007-05-11,1858.4,1858.4,1858.4,1858.4,0
2007-05-14,1884.7,1884.7,1884.7,1884.7,0
2007-05-15,1886.9,1886.9,1886.9,1886.9,0
2007-05-16,1912.4,1912.4,1912.4,1912.4,0
2007-05-17,1933.1,1933.1,1933.1,1933.1,0
2007-05-18,1931.5,1931.5,1931.5,1931.5,0
2007-05-21,1950.4,1950.4,1950.4,1950.4,0
2007-05-22,1958.1,1958.1,1958.1,1958.1,0
2007-05-23,1944.2,1944.2,1944.2,1944.2,0
2007-05-24,1933.5,1933.5,1933.5,1933.5,0
2007-05-25,1946.8,1946.8,1946.8,1946.8,0
2007-05-28,1959.1,1959.1,1959.1,1959.1,0
2007-05-29,1972.8,1972.8,1972.8,1972.8,0
2007-05-30,1951.8,1951.8,1951.8,1951.8,0
2007-05-31,1963.2,1963.2,1963.2,1963.2,0
2007-06-01,1974.6,1974.6,1974.6,1974.6,0
2007-06-04,1963.6,1963.6,1963.6,1963.6,0
2007-06-05,1972.7,1972.7,1972.7,1972.7,0
2007-06-06,1938.1,1938.1,1938.1,1938.1,0
2007-06-07,1930.9,1930.9,1930.9,1930.9,0
2007-06-08,1916.5,1916.5,1916.5,1916.5,0
2007-06-11,1914.0,1914.0,1914.0,1914.0,0
2007-06-12,1907.5,1907.5,1907.5,1907.5,0
2007-06-13,1896.7,1896.7,1896.7,1896.7,0
2007-06-14,1926.7,1926.7,1926.7,1926.7,0
2007-06-15,1929.9,1929.9,1929.9,1929.9,0
2007-06-18,1923.5,1923.5,1923.5,1923.5,0
2007-06-19,1950.7,1950.7,1950.7,1950.7,0
2007-06-20,1973.3,1973.3,1973.3,1973.3,0
2007-06-21,1984.7,1984.7,1984.7,1984.7,0
2007-06-22,1982.6,1982.6,1982.6,1982.6,0
2007-06-25,1985.8,1985.8,1985.8,1985.8,0
2007-06-26,1999.2,1999.2,1999.2,1999.2,0
2007-06-27,1995.1,1995.1,1995.1,1995.1,0
2007-06-28,2002.6,2002.6,2002.6,2002.6,0
2007-06-29,2025.9,2025.9,2025.9,2025.9,0
2007-07-02,2033.0,2033.0,2033.0,2033.0,0
2007-07-03,2053.0,2053.0,2053.0,2053.0,0
2007-07-04,2055.3,2055.3,2055.3,2055.3,0
2007-07-05,2044.0,2044.0,2044.0,2044.0,0
2007-07-06,2051.69,2051.69,2051.69,2051.69,0
2007-07-09,2069.1,2069.1,2069.1,2069.1,0
2007-07-10,2063.19,2063.19,2063.19,2063.19,0
2007-07-11,2066.5,2066.5,2066.5,2066.5,0
2007-07-12,2096.6,2096.6,2096.6,2096.6,0
2007-07-13,2109.1,2109.1,2109.1,2109.1,0
2007-07-16,2116.69,2116.69,2116.69,2116.69,0
2007-07-17,2105.69,2105.69,2105.69,2105.69,0
2007-07-18,2104.19,2104.19,2104.19,2104.19,0
2007-07-19,2125.0,2125.0,2125.0,2125.0,0
2007-07-20,2128.6,2128.6,2128.6,2128.6,0
2007-07-23,2143.3,2143.3,2143.3,2143.3,0
2007-07-24,2138.0,2138.0,2138.0,2138.0,0
2007-07-25,2120.8,2120.8,2120.8,2120.8,0
2007-07-26,2128.3,2128.3,2128.3,2128.3,0
2007-07-27,2059.19,2059.19,2059.19,2059.19,0
2007-07-30,2063.5,2063.5,2063.5,2063.5,0
2007-07-31,2100.0,2100.0,2100.0,2100.0,0
2007-08-01,2017.1,2017.1,2017.1,2017.1,0
2007-08-02,2028.8,2028.8,2028.8,2028.8,0
2007-08-03,2055.6,2055.6,2055.6,2055.6,0
2007-08-06,2031.2,2031.2,2031.2,2031.2,0
2007-08-07,2041.4,2041.4,2041.4,2041.4,0
2007-08-08,2079.0,2079.0,2079.0,2079.0,0
2007-08-09,2048.19,2048.19,2048.19,2048.19,0
2007-08-10,2023.1,2023.1,2023.1,2023.1,0
2007-08-13,2040.6,2040.6,2040.6,2040.6,0
2007-08-14,2041.0,2041.0,2041.0,2041.0,0
2007-08-16,1962.4,1962.4,1962.4,1962.4,0
2007-08-17,1933.0,1933.0,1933.0,1933.0,0
2007-08-20,1969.2,1969.2,1969.2,1969.2,0
2007-08-21,1903.5,1903.5,1903.5,1903.5,0
2007-08-22,1921.8,1921.8,1921.8,1921.8,0
2007-08-23,1904.5,1904.5,1904.5,1904.5,0
2007-08-24,1936.1,1936.1,1936.1,1936.1,0
2007-08-27,1990.4,1990.4,1990.4,1990.4,0
2007-08-28,2005.5,2005.5,2005.5,2005.5,0
2007-08-29,2020.6,2020.6,2020.6,2020.6,0
2007-08-30,2033.8,2033.8,2033.8,2033.8,0
2007-08-31,2065.0,2065.0,2065.0,2065.0,0
2007-09-03,2088.19,2088.19,2088.19,2088.19,0
2007-09-04,2095.6,2095.6,2095.6,2095.6,0
2007-09-05,2097.9,2097.9,2097.9,2097.9,0
2007-09-06,2116.8,2116.8,2116.8,2116.8,0
2007-09-07,2115.1,2115.1,2115.1,2115.1,0
2007-09-10,2117.19,2117.19,2117.19,2117.19,0
2007-09-11,2117.9,2117.9,2117.9,2117.9,0
2007-09-12,2120.0,2120.0,2120.0,2120.0,0
2007-09-13,2137.4,2137.4,2137.4,2137.4,0
2007-09-14,2122.4,2122.4,2122.4,2122.4,0
2007-09-17,2124.1,2124.1,2124.1,2124.1,0
2007-09-18,2151.8,2151.8,2151.8,2151.8,0
2007-09-19,2212.5,2212.5,2212.5,2212.5,0
2007-09-20,2226.19,2226.19,2226.19,2226.19,0
2007-09-21,2251.8,2251.8,2251.8,2251.8,0
2007-09-24,2290.9,2290.9,2290.9,2290.9,0
2007-09-25,2294.4,2294.4,2294.4,2294.4,0
2007-09-26,2301.3,2301.3,2301.3,2301.3,0
2007-09-27,2307.8,2307.8,2307.8,2307.8,0
2007-09-28,2341.9,2341.9,2341.9,2341.9,0
2007-10-01,2370.5,2370.5,2370.5,2370.5,0
2007-10-03,2404.4,2404.4,2404.4,2404.4,0
2007-10-04,2411.0,2411.0,2411.0,2411.0,0
2007-10-05,2391.4,2391.4,2391.4,2391.4,0
2007-10-08,2319.6,2319.6,2319.6,2319.6,0
2007-10-09,2406.69,2406.69,2406.69,2406.69,0
2007-10-10,2448.1,2448.1,2448.1,2448.1,0
2007-10-11,2486.5,2486.5,2486.5,2486.5,0
2007-10-12,2450.9,2450.9,2450.9,2450.9,0
2007-10-15,2533.0,2533.0,2533.0,2533.0,0
2007-10-16,2549.69,2549.69,2549.69,2549.69,0
2007-10-17,2490.5,2490.5,2490.5,2490.5,0
2007-10-18,2418.4,2418.4,2418.4,2418.4,0
2007-10-19,2348.0,2348.0,2348.0,2348.0,0
2007-10-22,2347.8,2347.8,2347.8,2347.8,0
2007-10-23,2464.9,2464.9,2464.9,2464.9,0
2007-10-24,2491.5,2491.5,2491.5,2491.5,0
2007-10-25,2516.19,2516.19,2516.19,2516.19,0
2007-10-26,2579.69,2579.69,2579.69,2579.69,0
2007-10-29,2648.6,2648.6,2648.6,2648.6,0
2007-10-30,2642.1,2642.1,2642.1,2642.1,0
2007-10-31,2661.1,2661.1,2661.1,2661.1,0
2007-11-01,2626.1,2626.1,2626.1,2626.1,0
2007-11-02,2652.8,2652.8,2652.8,2652.8,0
2007-11-05,2658.7,2658.7,2658.7,2658.7,0
2007-11-06,2636.2,2636.2,2636.2,2636.2,0
2007-11-07,2628.3,2628.3,2628.3,2628.3,0
2007-11-08,2600.4,2600.4,2600.4,2600.4,0
2007-11-09,2601.4,2601.4,2601.4,2601.4,0
2007-11-12,2577.3,2577.3,2577.3,2577.3,0
2007-11-13,2629.8,2629.8,2629.8,2629.8,0
2007-11-14,2723.1,2723.1,2723.1,2723.1,0
2007-11-15,2748.8,2748.8,2748.8,2748.8,0
2007-11-16,2767.7,2767.7,2767.7,2767.7,0
2007-11-19,2814.1,2814.1,2814.1,2814.1,0
2007-11-20,2759.1,2759.1,2759.1,2759.1,0
2007-11-21,2630.8,2630.8,2630.8,2630.8,0
2007-11-22,2596.0,2596.0,2596.0,2596.0,0
2007-11-23,2649.6,2649.6,2649.6,2649.6,0
2007-11-26,2700.9,2700.9,2700.9,2700.9,0
2007-11-27,2702.4,2702.4,2702.4,2702.4,0
2007-11-28,2677.1,2677.1,2677.1,2677.1,0
2007-11-29,2672.3,2672.3,2672.3,2672.3,0
2007-11-30,2752.0,2752.0,2752.0,2752.0,0
2007-12-03,2818.6,2818.6,2818.6,2818.6,0
2007-12-04,2845.2,2845.2,2845.2,2845.2,0
2007-12-05,2891.2,2891.2,2891.2,2891.2,0
2007-12-06,2890.2,2890.2,2890.2,2890.2,0
2007-12-07,2891.8,2891.8,2891.8,2891.8,0
2007-12-10,2903.8,2903.8,2903.8,2903.8,0
2007-12-11,2946.4,2946.4,2946.4,2946.4,0
2007-12-12,2993.9,2993.9,2993.9,2993.9,0
2007-12-13,2981.1,2981.1,2981.1,2981.1,0
2007-12-14,2991.9,2991.9,2991.9,2991.9,0
2007-12-17,2854.7,2854.7,2854.7,2854.7,0
2007-12-18,2849.2,2849.2,2849.2,2849.2,0
2007-12-19,2847.8,2847.8,2847.8,2847.8,0
2007-12-20,2838.2,2838.2,2838.2,2838.2,0
2007-12-24,2919.7,2919.7,2919.7,2919.7,0
2007-12-26,2982.4,2982.4,2982.4,2982.4,0
2007-12-27,2985.9,2985.9,2985.9,2985.9,0
2007-12-28,3029.2,3029.2,3029.2,3029.2,0
2007-12-31,3075.0,3075.0,3075.0,3075.0,0
2008-01-01,3107.2,3107.2,3107.2,3107.2,0
2008-01-02,3148.7,3148.7,3148.7,3148.7,0
2008-01-03,3153.1,3153.1,3153.1,3153.1,0
2008-01-04,3185.3,3185.3,3185.3,3185.3,0
2008-01-07,3195.9,3195.9,3195.9,3195.9,0
2008-01-08,3156.2,3156.2,3156.2,3156.2,0
2008-01-09,3139.7,3139.7,3139.7,3139.7,0
2008-01-10,3044.2,3044.2,3044.2,3044.2,0
2008-01-11,3049.7,3049.7,3049.7,3049.7,0
2008-01-14,3080.6,3080.6,3080.6,3080.6,0
2008-01-15,3032.1,3032.1,3032.1,3032.1,0
2008-01-16,2971.2,2971.2,2971.2,2971.2,0
2008-01-17,2967.5,2967.5,2967.5,2967.5,0
2008-01-18,2824.8,2824.8,2824.8,2824.8,0
2008-01-21,2504.3,2504.3,2504.3,2504.3,0
2008-01-22,2316.4,2316.4,2316.4,2316.4,0
2008-01-23,2495.4,2495.4,2495.4,2495.4,0
2008-01-24,2407.0,2407.0,2407.0,2407.0,0
2008-01-25,2577.3,2577.3,2577.3,2577.3,0
2008-01-28,2550.4,2550.4,2550.4,2550.4,0
2008-01-29,2552.8,2552.8,2552.8,2552.8,0
2008-01-30,2485.8,2485.8,2485.8,2485.8,0
2008-01-31,2457.6,2457.6,2457.6,2457.6,0
2008-02-01,2499.1,2499.1,2499.1,2499.1,0
2008-02-04,2579.8,2579.8,2579.8,2579.8,0
2008-02-05,2602.1,2602.1,2602.1,2602.1,0
2008-02-06,2551.69,2551.69,2551.69,2551.69,0
2008-02-07,2470.8,2470.8,2470.8,2470.8,0
2008-02-08,2435.6,2435.6,2435.6,2435.6,0
2008-02-11,2298.69,2298.69,2298.69,2298.69,0
2008-02-12,2267.0,2267.0,2267.0,2267.0,0
2008-02-13,2291.1,2291.1,2291.1,2291.1,0
2008-02-14,2422.69,2422.69,2422.69,2422.69,0
2008-02-15,2476.4,2476.4,2476.4,2476.4,0
2008-02-18,2473.8,2473.8,2473.8,2473.8,0
2008-02-19,2479.5,2479.5,2479.5,2479.5,0
2008-02-20,2427.1,2427.1,2427.1,2427.1,0
2008-02-21,2447.3,2447.3,2447.3,2447.3,0
2008-02-22,2416.1,2416.1,2416.1,2416.1,0
2008-02-25,2433.19,2433.19,2433.19,2433.19,0
2008-02-26,2466.19,2466.19,2466.19,2466.19,0
2008-02-27,2470.4,2470.4,2470.4,2470.4,0
2008-02-28,2467.8,2467.8,2467.8,2467.8,0
2008-02-29,2456.5,2456.5,2456.5,2456.5,0
2008-03-03,2338.9,2338.9,2338.9,2338.9,0
2008-03-04,2281.69,2281.69,2281.69,2281.69,0
2008-03-05,2276.5,2276.5,2276.5,2276.5,0
2008-03-07,2185.1,2185.1,2185.1,2185.1,0
2008-03-10,2188.9,2188.9,2188.9,2188.9,0
2008-03-11,2261.0,2261.0,2261.0,2261.0,0
2008-03-12,2247.3,2247.3,2247.3,2247.3,0
2008-03-13,2111.9,2111.9,2111.9,2111.9,0
2008-03-14,2147.9,2147.9,2147.9,2147.9,0
2008-03-17,2006.2,2006.2,2006.2,2006.2,0
2008-03-18,1993.7,1993.7,1993.7,1993.7,0
2008-03-19,1992.1,1992.1,1992.1,1992.1,0
2008-03-24,1973.9,1973.9,1973.9,1973.9,0
2008-03-25,2092.9,2092.9,2092.9,2092.9,0
2008-03-26,2102.3,2102.3,2102.3,2102.3,0
2008-03-27,2097.4,2097.4,2097.4,2097.4,0
2008-03-28,2167.8,2167.8,2167.8,2167.8,0
2008-03-31,2105.69,2105.69,2105.69,2105.69,0
2008-04-01,2099.3,2099.3,2099.3,2099.3,0
2008-04-02,2109.8,2109.8,2109.8,2109.8,0
2008-04-03,2110.5,2110.5,2110.5,2110.5,0
2008-04-04,2065.4,2065.4,2065.4,2065.4,0
2008-04-07,2101.69,2101.69,2101.69,2101.69,0
2008-04-08,2096.1,2096.1,2096.1,2096.1,0
2008-04-09,2117.4,2117.4,2117.4,2117.4,0
2008-04-10,2118.4,2118.4,2118.4,2118.4,0
2008-04-11,2135.9,2135.9,2135.9,2135.9,0
2008-04-15,2173.0,2173.0,2173.0,2173.0,0
2008-04-16,2191.8,2191.8,2191.8,2191.8,0
2008-04-17,2234.19,2234.19,2234.19,2234.19,0
2008-04-21,2277.8,2277.8,2277.8,2277.8,0
2008-04-22,2294.4,2294.4,2294.4,2294.4,0
2008-04-23,2292.8,2292.8,2292.8,2292.8,0
2008-04-24,2274.8,2274.8,2274.8,2274.8,0
2008-04-25,2308.8,2308.8,2308.8,2308.8,0
2008-04-28,2311.0,2311.0,2311.0,2311.0,0
2008-04-29,2347.9,2347.9,2347.9,2347.9,0
2008-04-30,2344.0,2344.0,2344.0,2344.0,0
2008-05-02,2377.4,2377.4,2377.4,2377.4,0
2008-05-05,2382.69,2382.69,2382.69,2382.69,0
2008-05-06,2354.1,2354.1,2354.1,2354.1,0
2008-05-07,2344.69,2344.69,2344.69,2344.69,0
2008-05-08,2322.4,2322.4,2322.4,2322.4,0
2008-05-09,2268.19,2268.19,2268.19,2268.19,0
2008-05-12,2264.69,2264.69,2264.69,2264.69,0
2008-05-13,2256.19,2256.19,2256.19,2256.19,0
2008-05-14,2277.19,2277.19,2277.19,2277.19,0
2008-05-15,2314.19,2314.19,2314.19,2314.19,0
2008-05-16,2333.5,2333.5,2333.5,2333.5,0
2008-05-20,2316.4,2316.4,2316.4,2316.4,0
2008-05-21,2331.1,2331.1,2331.1,2331.1,0
2008-05-22,2288.8,2288.8,2288.8,2288.8,0
2008-05-23,2252.8,2252.8,2252.8,2252.8,0
2008-05-26,2204.8,2204.8,2204.8,2204.8,0
2008-05-27,2189.5,2189.5,2189.5,2189.5,0
2008-05-28,2214.9,2214.9,2214.9,2214.9,0
2008-05-29,2194.4,2194.4,2194.4,2194.4,0
2008-05-30,2200.8,2200.8,2200.8,2200.8,0
2008-06-02,2141.5,2141.5,2141.5,2141.5,0
2008-06-03,2130.5,2130.5,2130.5,2130.5,0
2008-06-04,2068.1,2068.1,2068.1,2068.1,0
2008-06-05,2084.8,2084.8,2084.8,2084.8,0
2008-06-06,2066.19,2066.19,2066.19,2066.19,0
2008-06-09,2003.1,2003.1,2003.1,2003.1,0
2008-06-10,1979.9,1979.9,1979.9,1979.9,0
2008-06-11,2008.4,2008.4,2008.4,2008.4,0
2008-06-12,2017.9,2017.9,2017.9,2017.9,0
2008-06-13,2012.0,2012.0,2012.0,2012.0,0
2008-06-16,2035.6,2035.6,2035.6,2035.6,0
2008-06-17,2074.8,2074.8,2074.8,2074.8,0
2008-06-18,2051.3,2051.3,2051.3,2051.3,0
2008-06-19,2009.1,2009.1,2009.1,2009.1,0
2008-06-20,1941.3,1941.3,1941.3,1941.3,0
2008-06-23,1881.5,1881.5,1881.5,1881.5,0
2008-06-24,1846.6,1846.6,1846.6,1846.6,0
2008-06-25,1864.8,1864.8,1864.8,1864.8,0
2008-06-26,1869.9,1869.9,1869.9,1869.9,0
2008-06-27,1803.7,1803.7,1803.7,1803.7,0
2008-06-30,1750.2,1750.2,1750.2,1750.2,0
2008-07-01,1673.7,1673.7,1673.7,1673.7,0
2008-07-02,1751.2,1751.2,1751.2,1751.2,0
2008-07-03,1688.8,1688.8,1688.8,1688.8,0
2008-07-04,1729.6,1729.6,1729.6,1729.6,0
2008-07-07,1746.4,1746.4,1746.4,1746.4,0
2008-07-08,1740.1,1740.1,1740.1,1740.1,0
2008-07-09,1807.1,1807.1,1807.1,1807.1,0
2008-07-10,1808.4,1808.4,1808.4,1808.4,0
2008-07-11,1763.0,1763.0,1763.0,1763.0,0
2008-07-14,1758.1,1758.1,1758.1,1758.1,0
2008-07-15,1689.6,1689.6,1689.6,1689.6,0
2008-07-16,1664.1,1664.1,1664.1,1664.1,0
2008-07-17,1702.7,1702.7,1702.7,1702.7,0
2008-07-18,1748.1,1748.1,1748.1,1748.1,0
2008-07-21,1765.2,1765.2,1765.2,1765.2,0
2008-07-22,1800.4,1800.4,1800.4,1800.4,0
2008-07-23,1905.9,1905.9,1905.9,1905.9,0
2008-07-24,1897.5,1897.5,1897.5,1897.5,0
2008-07-25,1871.1,1871.1,1871.1,1871.1,0
2008-07-28,1884.8,1884.8,1884.8,1884.8,0
2008-07-29,1824.6,1824.6,1824.6,1824.6,0
2008-07-30,1874.3,1874.3,1874.3,1874.3,0
2008-07-31,1874.4,1874.4,1874.4,1874.4,0
2008-08-01,1910.0,1910.0,1910.0,1910.0,0
2008-08-04,1928.4,1928.4,1928.4,1928.4,0
2008-08-05,1966.0,1966.0,1966.0,1966.0,0
2008-08-06,1965.6,1965.6,1965.6,1965.6,0
2008-08-07,1971.4,1971.4,1971.4,1971.4,0
2008-08-08,1976.2,1976.2,1976.2,1976.2,0
2008-08-11,2015.7,2015.7,2015.7,2015.7,0
2008-08-12,1989.6,1989.6,1989.6,1989.6,0
2008-08-13,1982.9,1982.9,1982.9,1982.9,0
2008-08-14,1937.8,1937.8,1937.8,1937.8,0
2008-08-18,1919.5,1919.5,1919.5,1919.5,0
2008-08-19,1910.4,1910.4,1910.4,1910.4,0
2008-08-20,1930.6,1930.6,1930.6,1930.6,0
2008-08-21,1880.1,1880.1,1880.1,1880.1,0
2008-08-22,1887.9,1887.9,1887.9,1887.9,0
2008-08-25,1893.7,1893.7,1893.7,1893.7,0
2008-08-26,1893.5,1893.5,1893.5,1893.5,0
2008-08-27,1874.1,1874.1,1874.1,1874.1,0
2008-08-28,1845.3,1845.3,1845.3,1845.3,0
2008-08-29,1902.2,1902.2,1902.2,1902.2,0
2008-09-01,1901.1,1901.1,1901.1,1901.1,0
2008-09-02,1953.5,1953.5,1953.5,1953.5,0
2008-09-04,1938.1,1938.1,1938.1,1938.1,0
2008-09-05,1903.9,1903.9,1903.9,1903.9,0
2008-09-08,1940.6,1940.6,1940.6,1940.6,0
2008-09-09,1931.1,1931.1,1931.1,1931.1,0
2008-09-10,1905.7,1905.7,1905.7,1905.7,0
2008-09-11,1871.3,1871.3,1871.3,1871.3,0
2008-09-12,1838.8,1838.8,1838.8,1838.8,0
2008-09-15,1760.7,1760.7,1760.7,1760.7,0
2008-09-16,1745.5,1745.5,1745.5,1745.5,0
2008-09-17,1716.6,1716.6,1716.6,1716.6,0
2008-09-18,1708.8,1708.8,1708.8,1708.8,0
2008-09-19,1777.5,1777.5,1777.5,1777.5,0
2008-09-22,1770.5,1770.5,1770.5,1770.5,0
2008-09-23,1734.5,1734.5,1734.5,1734.5,0
2008-09-24,1743.8,1743.8,1743.8,1743.8,0
2008-09-25,1726.5,1726.5,1726.5,1726.5,0
2008-09-26,1673.0,1673.0,1673.0,1673.0,0
2008-09-29,1609.2,1609.2,1609.2,1609.2,0
2008-09-30,1635.9,1635.9,1635.9,1635.9,0
2008-10-01,1645.9,1645.9,1645.9,1645.9,0
2008-10-03,1596.1,1596.1,1596.1,1596.1,0
2008-10-06,1497.8,1497.8,1497.8,1497.8,0
2008-10-07,1477.5,1477.5,1477.5,1477.5,0
2008-10-08,1412.8,1412.8,1412.8,1412.8,0
2008-10-10,1311.4,1311.4,1311.4,1311.4,0
2008-10-13,1382.3,1382.3,1382.3,1382.3,0
2008-10-14,1397.7,1397.7,1397.7,1397.7,0
2008-10-15,1332.6,1332.6,1332.6,1332.6,0
2008-10-16,1315.2,1315.2,1315.2,1315.2,0
2008-10-17,1259.09,1259.09,1259.09,1259.09,0
2008-10-20,1264.3,1264.3,1264.3,1264.3,0
2008-10-21,1302.59,1302.59,1302.59,1302.59,0
2008-10-22,1250.0,1250.0,1250.0,1250.0,0
2008-10-23,1204.9,1204.9,1204.9,1204.9,0
2008-10-24,1085.7,1085.7,1085.7,1085.7,0
2008-10-27,1048.59,1048.59,1048.59,1048.59,0
2008-10-28,1111.4,1111.4,1111.4,1111.4,0
2008-10-29,1102.2,1102.2,1102.2,1102.2,0
2008-10-31,1159.2,1159.2,1159.2,1159.2,0
2008-11-03,1218.7,1218.7,1218.7,1218.7,0
2008-11-04,1259.9,1259.9,1259.9,1259.9,0
2008-11-05,1227.3,1227.3,1227.3,1227.3,0
2008-11-06,1192.8,1192.8,1192.8,1192.8,0
2008-11-07,1217.9,1217.9,1217.9,1217.9,0
2008-11-10,1277.2,1277.2,1277.2,1277.2,0
2008-11-11,1216.4,1216.4,1216.4,1216.4,0
2008-11-12,1186.09,1186.09,1186.09,1186.09,0
2008-11-14,1165.09,1165.09,1165.09,1165.09,0
2008-11-17,1143.59,1143.59,1143.59,1143.59,0
2008-11-18,1108.8,1108.8,1108.8,1108.8,0
2008-11-19,1087.8,1087.8,1087.8,1087.8,0
2008-11-20,1051.4,1051.4,1051.4,1051.4,0
2008-11-21,1079.9,1079.9,1079.9,1079.9,0
2008-11-24,1081.7,1081.7,1081.7,1081.7,0
2008-11-25,1067.09,1067.09,1067.09,1067.09,0
2008-11-26,1083.8,1083.8,1083.8,1083.8,0
2008-11-28,1086.8,1086.8,1086.8,1086.8,0
2008-12-01,1067.2,1067.2,1067.2,1067.2,0
2008-12-02,1056.0,1056.0,1056.0,1056.0,0
2008-12-03,1063.8,1063.8,1063.8,1063.8,0
2008-12-04,1110.0,1110.0,1110.0,1110.0,0
2008-12-05,1088.09,1088.09,1088.09,1088.09,0
2008-12-08,1098.59,1098.59,1098.59,1098.59,0
2008-12-10,1138.4,1138.4,1138.4,1138.4,0
2008-12-11,1150.2,1150.2,1150.2,1150.2,0
2008-12-12,1159.0,1159.0,1159.0,1159.0,0
2008-12-15,1195.0,1195.0,1195.0,1195.0,0
2008-12-16,1222.2,1222.2,1222.2,1222.2,0
2008-12-17,1185.8,1185.8,1185.8,1185.8,0
2008-12-18,1223.3,1223.3,1223.3,1223.3,0
2008-12-19,1243.59,1243.59,1243.59,1243.59,0
2008-12-22,1234.3,1234.3,1234.3,1234.3,0
2008-12-23,1203.7,1203.7,1203.7,1203.7,0
2008-12-24,1191.0,1191.0,1191.0,1191.0,0
2008-12-26,1172.4,1172.4,1172.4,1172.4,0
2008-12-29,1193.59,1193.59,1193.59,1193.59,0
2008-12-30,1218.0,1218.0,1218.0,1218.0,0
2008-12-31,1217.3,1217.3,1217.3,1217.3,0
2009-01-01,1250.4,1250.4,1250.4,1250.4,0
2009-01-02,1267.8,1267.8,1267.8,1267.8,0
2009-01-05,1293.4,1293.4,1293.4,1293.4,0
2009-01-06,1289.2,1289.2,1289.2,1289.2,0
2009-01-07,1202.7,1202.7,1202.7,1202.7,0
2009-01-09,1175.3,1175.3,1175.3,1175.3,0
2009-01-12,1146.09,1146.09,1146.09,1146.09,0
2009-01-13,1133.0,1133.0,1133.0,1133.0,0
2009-01-14,1161.7,1161.7,1161.7,1161.7,0
2009-01-15,1133.09,1133.09,1133.09,1133.09,0
2009-01-16,1155.5,1155.5,1155.5,1155.5,0
2009-01-19,1163.2,1163.2,1163.2,1163.2,0
2009-01-20,1150.9,1150.9,1150.9,1150.9,0
2009-01-21,1124.2,1124.2,1124.2,1124.2,0
2009-01-22,1113.09,1113.09,1113.09,1113.09,0
2009-01-23,1096.2,1096.2,1096.2,1096.2,0
2009-01-27,1116.09,1116.09,1116.09,1116.09,0
2009-01-28,1140.8,1140.8,1140.8,1140.8,0
2009-01-29,1134.4,1134.4,1134.4,1134.4,0
2009-01-30,1150.3,1150.3,1150.3,1150.3,0
2009-02-02,1123.09,1123.09,1123.09,1123.09,0
2009-02-03,1121.3,1121.3,1121.3,1121.3,0
2009-02-04,1124.4,1124.4,1124.4,1124.4,0
2009-02-05,1116.2,1116.2,1116.2,1116.2,0
2009-02-06,1137.9,1137.9,1137.9,1137.9,0
2009-02-09,1161.59,1161.59,1161.59,1161.59,0
2009-02-10,1171.8,1171.8,1171.8,1171.8,0
2009-02-11,1171.0,1171.0,1171.0,1171.0,0
2009-02-12,1167.8,1167.8,1167.8,1167.8,0
2009-02-13,1188.0,1188.0,1188.0,1188.0,0
2009-02-16,1151.4,1151.4,1151.4,1151.4,0
2009-02-17,1123.4,1123.4,1123.4,1123.4,0
2009-02-18,1122.3,1122.3,1122.3,1122.3,0
2009-02-19,1123.8,1123.8,1123.8,1123.8,0
2009-02-20,1104.8,1104.8,1104.8,1104.8,0
2009-02-24,1092.7,1092.7,1092.7,1092.7,0
2009-02-25,1101.09,1101.09,1101.09,1101.09,0
2009-02-26,1101.4,1101.4,1101.4,1101.4,0
2009-02-27,1098.9,1098.9,1098.9,1098.9,0
2009-03-02,1071.7,1071.7,1071.7,1071.7,0
2009-03-03,1053.5,1053.5,1053.5,1053.5,0
2009-03-04,1054.9,1054.9,1054.9,1054.9,0
2009-03-05,1033.5,1033.5,1033.5,1033.5,0
2009-03-06,1036.7,1036.7,1036.7,1036.7,0
2009-03-09,1019.8,1019.8,1019.8,1019.8,0
2009-03-12,1030.4,1030.4,1030.4,1030.4,0
2009-03-13,1065.09,1065.09,1065.09,1065.09,0
2009-03-16,1094.8,1094.8,1094.8,1094.8,0
2009-03-17,1092.8,1092.8,1092.8,1092.8,0
2009-03-18,1116.9,1116.9,1116.9,1116.9,0
2009-03-19,1122.9,1122.9,1122.9,1122.9,0
2009-03-20,1112.0,1112.0,1112.0,1112.0,0
2009-03-23,1152.0,1152.0,1152.0,1152.0,0
2009-03-24,1148.4,1148.4,1148.4,1148.4,0
2009-03-25,1160.4,1160.4,1160.4,1160.4,0
2009-03-26,1178.0,1178.0,1178.0,1178.0,0
2009-03-27,1196.2,1196.2,1196.2,1196.2,0
2009-03-30,1163.3,1163.3,1163.3,1163.3,0
2009-03-31,1184.59,1184.59,1184.59,1184.59,0
2009-04-01,1200.8,1200.8,1200.8,1200.8,0
2009-04-02,1251.9,1251.9,1251.9,1251.9,0
2009-04-06,1276.09,1276.09,1276.09,1276.09,0
2009-04-08,1312.7,1312.7,1312.7,1312.7,0
2009-04-09,1324.2,1324.2,1324.2,1324.2,0
2009-04-13,1357.5,1357.5,1357.5,1357.5,0
2009-04-15,1406.1,1406.1,1406.1,1406.1,0
2009-04-16,1348.3,1348.3,1348.3,1348.3,0
2009-04-17,1359.8,1359.8,1359.8,1359.8,0
2009-04-20,1371.7,1371.7,1371.7,1371.7,0
2009-04-21,1368.4,1368.4,1368.4,1368.4,0
2009-04-22,1352.7,1352.7,1352.7,1352.7,0
2009-04-23,1379.2,1379.2,1379.2,1379.2,0
2009-04-24,1401.7,1401.7,1401.7,1401.7,0
2009-04-27,1394.5,1394.5,1394.5,1394.5,0
2009-04-28,1345.9,1345.9,1345.9,1345.9,0
2009-04-29,1379.2,1379.2,1379.2,1379.2,0
2009-05-04,1438.7,1438.7,1438.7,1438.7,0
2009-05-05,1453.6,1453.6,1453.6,1453.6,0
2009-05-06,1437.2,1437.2,1437.2,1437.2,0
2009-05-07,1469.8,1469.8,1469.8,1469.8,0
2009-05-08,1461.1,1461.1,1461.1,1461.1,0
2009-05-11,1436.7,1436.7,1436.7,1436.7,0
2009-05-12,1466.4,1466.4,1466.4,1466.4,0
2009-05-13,1458.3,1458.3,1458.3,1458.3,0
2009-05-14,1458.2,1458.2,1458.2,1458.2,0
2009-05-15,1480.6,1480.6,1480.6,1480.6,0
2009-05-18,1695.3,1695.3,1695.3,1695.3,0
2009-05-19,1721.7,1721.7,1721.7,1721.7,0
2009-05-20,1776.1,1776.1,1776.1,1776.1,0
2009-05-21,1773.8,1773.8,1773.8,1773.8,0
2009-05-22,1792.6,1792.6,1792.6,1792.6,0
2009-05-25,1832.4,1832.4,1832.4,1832.4,0
2009-05-26,1779.6,1779.6,1779.6,1779.6,0
2009-05-27,1849.2,1849.2,1849.2,1849.2,0
2009-05-28,1869.2,1869.2,1869.2,1869.2,0
2009-05-29,1918.6,1918.6,1918.6,1918.6,0
2009-06-01,1963.6,1963.6,1963.6,1963.6,0
2009-06-02,1964.3,1964.3,1964.3,1964.3,0
2009-06-03,1981.6,1981.6,1981.6,1981.6,0
2009-06-04,2020.7,2020.7,2020.7,2020.7,0
2009-06-05,2017.3,2017.3,2017.3,2017.3,0
2009-06-08,1925.9,1925.9,1925.9,1925.9,0
2009-06-09,1978.5,1978.5,1978.5,1978.5,0
2009-06-10,2012.3,2012.3,2012.3,2012.3,0
2009-06-11,2003.6,2003.6,2003.6,2003.6,0
2009-06-12,1969.8,1969.8,1969.8,1969.8,0
2009-06-15,1928.0,1928.0,1928.0,1928.0,0
2009-06-16,1959.1,1959.1,1959.1,1959.1,0
2009-06-17,1886.2,1886.2,1886.2,1886.2,0
2009-06-18,1835.4,1835.4,1835.4,1835.4,0
2009-06-19,1862.2,1862.2,1862.2,1862.2,0
2009-06-22,1841.8,1841.8,1841.8,1841.8,0
2009-06-23,1849.4,1849.4,1849.4,1849.4,0
2009-06-24,1883.2,1883.2,1883.2,1883.2,0
2009-06-25,1867.8,1867.8,1867.8,1867.8,0
2009-06-26,1914.7,1914.7,1914.7,1914.7,0
2009-06-29,1934.8,1934.8,1934.8,1934.8,0
2009-06-30,1884.3,1884.3,1884.3,1884.3,0
2009-07-01,1903.2,1903.2,1903.2,1903.2,0
2009-07-02,1915.2,1915.2,1915.2,1915.2,0
2009-07-03,1933.7,1933.7,1933.7,1933.7,0
2009-07-06,1827.5,1827.5,1827.5,1827.5,0
2009-07-07,1838.2,1838.2,1838.2,1838.2,0
2009-07-08,1784.0,1784.0,1784.0,1784.0,0
2009-07-09,1793.5,1793.5,1793.5,1793.5,0
2009-07-10,1758.1,1758.1,1758.1,1758.1,0
2009-07-13,1718.5,1718.5,1718.5,1718.5,0
2009-07-14,1784.6,1784.6,1784.6,1784.6,0
2009-07-15,1853.3,1853.3,1853.3,1853.3,0
2009-07-16,1857.0,1857.0,1857.0,1857.0,0
2009-07-17,1907.4,1907.4,1907.4,1907.4,0
2009-07-20,1956.5,1956.5,1956.5,1956.5,0
2009-07-21,1945.3,1945.3,1945.3,1945.3,0
2009-07-22,1926.2,1926.2,1926.2,1926.2,0
2009-07-23,1966.6,1966.6,1966.6,1966.6,0
2009-07-24,1994.7,1994.7,1994.7,1994.7,0
2009-07-27,2014.9,2014.9,2014.9,2014.9,0
2009-07-28,2029.6,2029.6,2029.6,2029.6,0
2009-07-29,2008.7,2008.7,2008.7,2008.7,0
2009-07-30,2023.7,2023.7,2023.7,2023.7,0
2009-07-31,2047.0,2047.0,2047.0,2047.0,0
2009-08-03,2084.4,2084.4,2084.4,2084.4,0
2009-08-04,2079.5,2079.5,2079.5,2079.5,0
2009-08-05,2086.1,2086.1,2086.1,2086.1,0
2009-08-06,2037.9,2037.9,2037.9,2037.9,0
2009-08-07,1994.4,1994.4,1994.4,1994.4,0
2009-08-10,1969.4,1969.4,1969.4,1969.4,0
2009-08-11,1983.7,1983.7,1983.7,1983.7,0
2009-08-12,1983.7,1983.7,1983.7,1983.7,0
2009-08-13,2049.9,2049.9,2049.9,2049.9,0
2009-08-14,2048.5,2048.5,2048.5,2048.5,0
2009-08-17,1968.9,1968.9,1968.9,1968.9,0
2009-08-18,2004.2,2004.2,2004.2,2004.2,0
2009-08-19,1977.3,1977.3,1977.3,1977.3,0
2009-08-20,1997.4,1997.4,1997.4,1997.4,0
2009-08-21,2026.7,2026.7,2026.7,2026.7,0
2009-08-24,2073.1,2073.1,2073.1,2073.1,0
2009-08-25,2081.3,2081.3,2081.3,2081.3,0
2009-08-26,2098.8,2098.8,2098.8,2098.8,0
2009-08-27,2105.19,2105.19,2105.19,2105.19,0
2009-08-28,2121.8,2121.8,2121.8,2121.8,0
2009-08-31,2116.0,2116.0,2116.0,2116.0,0
2009-09-01,2092.1,2092.1,2092.1,2092.1,0
2009-09-02,2081.8,2081.8,2081.8,2081.8,0
2009-09-03,2082.9,2082.9,2082.9,2082.9,0
2009-09-04,2108.5,2108.5,2108.5,2108.5,0
2009-09-07,2155.6,2155.6,2155.6,2155.6,0
2009-09-08,2155.4,2155.4,2155.4,2155.4,0
2009-09-09,2151.8,2151.8,2151.8,2151.8,0
2009-09-10,2149.1,2149.1,2149.1,2149.1,0
2009-09-11,2147.8,2147.8,2147.8,2147.8,0
2009-09-14,2148.6,2148.6,2148.6,2148.6,0
2009-09-15,2185.5,2185.5,2185.5,2185.5,0
2009-09-16,2211.4,2211.4,2211.4,2211.4,0
2009-09-17,2218.19,2218.19,2218.19,2218.19,0
2009-09-18,2231.4,2231.4,2231.4,2231.4,0
2009-09-22,2246.8,2246.8,2246.8,2246.8,0
2009-09-23,2222.19,2222.19,2222.19,2222.19,0
2009-09-24,2232.19,2232.19,2232.19,2232.19,0
2009-09-25,2238.69,2238.69,2238.69,2238.69,0
2009-09-29,2254.9,2254.9,2254.9,2254.9,0
2009-09-30,2280.5,2280.5,2280.5,2280.5,0
2009-10-01,2275.69,2275.69,2275.69,2275.69,0
2009-10-05,2234.5,2234.5,2234.5,2234.5,0
2009-10-06,2233.5,2233.5,2233.5,2233.5,0
2009-10-07,2242.69,2242.69,2242.69,2242.69,0
2009-10-08,2254.6,2254.6,2254.6,2254.6,0
2009-10-09,2239.1,2239.1,2239.1,2239.1,0
2009-10-12,2273.9,2273.9,2273.9,2273.9,0
2009-10-14,2308.69,2308.69,2308.69,2308.69,0
2009-10-15,2316.5,2316.5,2316.5,2316.5,0
2009-10-16,2336.1,2336.1,2336.1,2336.1,0
2009-10-17,2346.6,2346.6,2346.6,2346.6,0
2009-10-20,2343.4,2343.4,2343.4,2343.4,0
2009-10-21,2319.8,2319.8,2319.8,2319.8,0
2009-10-22,2279.5,2279.5,2279.5,2279.5,0
2009-10-23,2295.5,2295.5,2295.5,2295.5,0
2009-10-26,2267.69,2267.69,2267.69,2267.69,0
2009-10-27,2196.6,2196.6,2196.6,2196.6,0
2009-10-28,2194.1,2194.1,2194.1,2194.1,0
2009-10-29,2153.0,2153.0,2153.0,2153.0,0
2009-10-30,2139.69,2139.69,2139.69,2139.69,0
2009-11-03,2068.19,2068.19,2068.19,2068.19,0
2009-11-04,2130.4,2130.4,2130.4,2130.4,0
2009-11-05,2167.69,2167.69,2167.69,2167.69,0
2009-11-06,2204.4,2204.4,2204.4,2204.4,0
2009-11-09,2249.19,2249.19,2249.19,2249.19,0
2009-11-10,2252.9,2252.9,2252.9,2252.9,0
2009-11-11,2304.19,2304.19,2304.19,2304.19,0
2009-11-12,2280.3,2280.3,2280.3,2280.3,0
2009-11-13,2292.19,2292.19,2292.19,2292.19,0
2009-11-16,2317.3,2317.3,2317.3,2317.3,0
2009-11-17,2316.1,2316.1,2316.1,2316.1,0
2009-11-18,2321.9,2321.9,2321.9,2321.9,0
2009-11-19,2288.4,2288.4,2288.4,2288.4,0
2009-11-20,2312.5,2312.5,2312.5,2312.5,0
2009-11-23,2327.69,2327.69,2327.69,2327.69,0
2009-11-24,2329.3,2329.3,2329.3,2329.3,0
2009-11-25,2330.3,2330.3,2330.3,2330.3,0
2009-11-26,2294.0,2294.0,2294.0,2294.0,0
2009-11-27,2265.0,2265.0,2265.0,2265.0,0
2009-11-30,2306.1,2306.1,2306.1,2306.1,0
2009-12-01,2346.3,2346.3,2346.3,2346.3,0
2009-12-02,2356.0,2356.0,2356.0,2356.0,0
2009-12-03,2366.3,2366.3,2366.3,2366.3,0
2009-12-04,2361.0,2361.0,2361.0,2361.0,0
2009-12-07,2340.8,2340.8,2340.8,2340.8,0
2009-12-08,2369.9,2369.9,2369.9,2369.9,0
2009-12-09,2357.0,2357.0,2357.0,2357.0,0
2009-12-10,2366.3,2366.3,2366.3,2366.3,0
2009-12-11,2356.5,2356.5,2356.5,2356.5,0
2009-12-14,2343.9,2343.9,2343.9,2343.9,0
2009-12-15,2310.8,2310.8,2310.8,2310.8,0
2009-12-16,2315.1,2315.1,2315.1,2315.1,0
2009-12-17,2326.6,2326.6,2326.6,2326.6,0
2009-12-18,2306.69,2306.69,2306.69,2306.69,0
2009-12-21,2295.69,2295.69,2295.69,2295.69,0
2009-12-22,2316.9,2316.9,2316.9,2316.9,0
2009-12-23,2366.9,2366.9,2366.9,2366.9,0
2009-12-24,2382.19,2382.19,2382.19,2382.19,0
2009-12-29,2391.4,2391.4,2391.4,2391.4,0
2009-12-30,2392.4,2392.4,2392.4,2392.4,0
2009-12-31,2402.1,2402.1,2402.1,2402.1,0
2010-01-04,2431.0,2431.0,2431.0,2431.0,0
2010-01-05,2460.9,2460.9,2460.9,2460.9,0
2010-01-06,2469.19,2469.19,2469.19,2469.19,0
2010-01-07,2467.1,2467.1,2467.1,2467.1,0
2010-01-08,2463.8,2463.8,2463.8,2463.8,0
2010-01-11,2482.8,2482.8,2482.8,2482.8,0
2010-01-12,2459.1,2459.1,2459.1,2459.1,0
2010-01-13,2472.3,2472.3,2472.3,2472.3,0
2010-01-14,2494.69,2494.69,2494.69,2494.69,0
2010-01-15,2507.5,2507.5,2507.5,2507.5,0
2010-01-18,2525.9,2525.9,2525.9,2525.9,0
2010-01-19,2511.3,2511.3,2511.3,2511.3,0
2010-01-20,2504.0,2504.0,2504.0,2504.0,0
2010-01-21,2443.4,2443.4,2443.4,2443.4,0
2010-01-22,2423.5,2423.5,2423.5,2423.5,0
2010-01-25,2400.19,2400.19,2400.19,2400.19,0
2010-01-27,2310.4,2310.4,2310.4,2310.4,0
2010-01-28,2316.8,2316.8,2316.8,2316.8,0
2010-01-29,2333.4,2333.4,2333.4,2333.4,0
2010-02-01,2363.9,2363.9,2363.9,2363.9,0
2010-02-02,2333.9,2333.9,2333.9,2333.9,0
2010-02-03,2372.9,2372.9,2372.9,2372.9,0
2010-02-04,2328.4,2328.4,2328.4,2328.4,0
2010-02-05,2264.1,2264.1,2264.1,2264.1,0
2010-02-06,2291.6,2291.6,2291.6,2291.6,0
2010-02-08,2292.3,2292.3,2292.3,2292.3,0
2010-02-09,2311.3,2311.3,2311.3,2311.3,0
2010-02-10,2303.1,2303.1,2303.1,2303.1,0
2010-02-11,2324.3,2324.3,2324.3,2324.3,0
2010-02-15,2309.19,2309.19,2309.19,2309.19,0
2010-02-16,2328.5,2328.5,2328.5,2328.5,0
2010-02-17,2349.9,2349.9,2349.9,2349.9,0
2010-02-18,2336.3,2336.3,2336.3,2336.3,0
2010-02-19,2309.6,2309.6,2309.6,2309.6,0
2010-02-22,2299.8,2299.8,2299.8,2299.8,0
2010-02-23,2290.6,2290.6,2290.6,2290.6,0
2010-02-24,2280.8,2280.8,2280.8,2280.8,0
2010-02-25,2271.4,2271.4,2271.4,2271.4,0
2010-02-26,2306.9,2306.9,2306.9,2306.9,0
2010-03-02,2350.19,2350.19,2350.19,2350.19,0
2010-03-03,2383.6,2383.6,2383.6,2383.6,0
2010-03-04,2396.8,2396.8,2396.8,2396.8,0
2010-03-05,2406.0,2406.0,2406.0,2406.0,0
2010-03-08,2417.19,2417.19,2417.19,2417.19,0
2010-03-09,2398.6,2398.6,2398.6,2398.6,0
2010-03-10,2396.5,2396.5,2396.5,2396.5,0
2010-03-11,2394.5,2394.5,2394.5,2394.5,0
2010-03-12,2392.3,2392.3,2392.3,2392.3,0
2010-03-15,2378.69,2378.69,2378.69,2378.69,0
2010-03-16,2402.3,2402.3,2402.3,2402.3,0
2010-03-17,2416.8,2416.8,2416.8,2416.8,0
2010-03-18,2421.4,2421.4,2421.4,2421.4,0
2010-03-19,2428.3,2428.3,2428.3,2428.3,0
2010-03-22,2402.1,2402.1,2402.1,2402.1,0
2010-03-23,2408.0,2408.0,2408.0,2408.0,0
2010-03-25,2411.6,2411.6,2411.6,2411.6,0
2010-03-26,2424.19,2424.19,2424.19,2424.19,0
2010-03-29,2427.69,2427.69,2427.69,2427.69,0
2010-03-30,2425.9,2425.9,2425.9,2425.9,0
2010-03-31,2427.0,2427.0,2427.0,2427.0,0
2010-04-01,2447.9,2447.9,2447.9,2447.9,0
2010-04-05,2483.0,2483.0,2483.0,2483.0,0
2010-04-06,2493.0,2493.0,2493.0,2493.0,0
2010-04-07,2504.5,2504.5,2504.5,2504.5,0
2010-04-08,2484.8,2484.8,2484.8,2484.8,0
2010-04-09,2501.5,2501.5,2501.5,2501.5,0
2010-04-12,2493.8,2493.8,2493.8,2493.8,0
2010-04-13,2488.0,2488.0,2488.0,2488.0,0
2010-04-15,2478.4,2478.4,2478.4,2478.4,0
2010-04-16,2467.69,2467.69,2467.69,2467.69,0
2010-04-19,2441.0,2441.0,2441.0,2441.0,0
2010-04-20,2462.4,2462.4,2462.4,2462.4,0
2010-04-21,2477.0,2477.0,2477.0,2477.0,0
2010-04-22,2481.19,2481.19,2481.19,2481.19,0
2010-04-23,2487.5,2487.5,2487.5,2487.5,0
2010-04-26,2499.3,2499.3,2499.3,2499.3,0
2010-04-27,2495.9,2495.9,2495.9,2495.9,0
2010-04-28,2458.1,2458.1,2458.1,2458.1,0
2010-04-29,2476.19,2476.19,2476.19,2476.19,0
2010-04-30,2497.19,2497.19,2497.19,2497.19,0
2010-05-03,2482.4,2482.4,2482.4,2482.4,0
2010-05-04,2445.19,2445.19,2445.19,2445.19,0
2010-05-05,2446.1,2446.1,2446.1,2446.1,0
2010-05-06,2437.69,2437.69,2437.69,2437.69,0
2010-05-07,2388.0,2388.0,2388.0,2388.0,0
2010-05-10,2449.3,2449.3,2449.3,2449.3,0
2010-05-11,2424.6,2424.6,2424.6,2424.6,0
2010-05-12,2430.69,2430.69,2430.69,2430.69,0
2010-05-13,2452.8,2452.8,2452.8,2452.8,0
2010-05-14,2424.4,2424.4,2424.4,2424.4,0
2010-05-17,2413.9,2413.9,2413.9,2413.9,0
2010-05-18,2420.9,2420.9,2420.9,2420.9,0
2010-05-19,2355.0,2355.0,2355.0,2355.0,0
2010-05-20,2363.0,2363.0,2363.0,2363.0,0
2010-05-21,2339.69,2339.69,2339.69,2339.69,0
2010-05-24,2345.8,2345.8,2345.8,2345.8,0
2010-05-25,2282.1,2282.1,2282.1,2282.1,0
2010-05-26,2317.5,2317.5,2317.5,2317.5,0
2010-05-27,2346.1,2346.1,2346.1,2346.1,0
2010-05-28,2383.0,2383.0,2383.0,2383.0,0
2010-05-31,2407.8,2407.8,2407.8,2407.8,0
2010-06-01,2369.5,2369.5,2369.5,2369.5,0
2010-06-02,2391.0,2391.0,2391.0,2391.0,0
2010-06-03,2423.19,2423.19,2423.19,2423.19,0
2010-06-04,2430.1,2430.1,2430.1,2430.1,0
2010-06-07,2391.9,2391.9,2391.9,2391.9,0
2010-06-08,2375.19,2375.19,2375.19,2375.19,0
2010-06-09,2388.5,2388.5,2388.5,2388.5,0
2010-06-10,2418.5,2418.5,2418.5,2418.5,0
2010-06-11,2427.69,2427.69,2427.69,2427.69,0
2010-06-14,2453.0,2453.0,2453.0,2453.0,0
2010-06-15,2462.4,2462.4,2462.4,2462.4,0
2010-06-16,2465.5,2465.5,2465.5,2465.5,0
2010-06-17,2477.0,2477.0,2477.0,2477.0,0
2010-06-18,2468.0,2468.0,2468.0,2468.0,0
2010-06-21,2499.69,2499.69,2499.69,2499.69,0
2010-06-22,2492.1,2492.1,2492.1,2492.1,0
2010-06-23,2502.1,2502.1,2502.1,2502.1,0
2010-06-24,2498.0,2498.0,2498.0,2498.0,0
2010-06-25,2489.5,2489.5,2489.5,2489.5,0
2010-06-28,2523.69,2523.69,2523.69,2523.69,0
2010-06-29,2501.3,2501.3,2501.3,2501.3,0
2010-06-30,2518.9,2518.9,2518.9,2518.9,0
2010-07-01,2503.1,2503.1,2503.1,2503.1,0
2010-07-02,2499.8,2499.8,2499.8,2499.8,0
2010-07-05,2501.4,2501.4,2501.4,2501.4,0
2010-07-06,2519.6,2519.6,2519.6,2519.6,0
2010-07-07,2509.69,2509.69,2509.69,2509.69,0
2010-07-08,2532.69,2532.69,2532.69,2532.69,0
2010-07-09,2552.8,2552.8,2552.8,2552.8,0
2010-07-12,2558.5,2558.5,2558.5,2558.5,0
2010-07-13,2571.1,2571.1,2571.1,2571.1,0
2010-07-14,2564.6,2564.6,2564.6,2564.6,0
2010-07-15,2561.3,2561.3,2561.3,2561.3,0
2010-07-16,2572.8,2572.8,2572.8,2572.8,0
2010-07-19,2574.6,2574.6,2574.6,2574.6,0
2010-07-20,2566.9,2566.9,2566.9,2566.9,0
2010-07-21,2580.69,2580.69,2580.69,2580.69,0
2010-07-22,2596.5,2596.5,2596.5,2596.5,0
2010-07-23,2592.5,2592.5,2592.5,2592.5,0
2010-07-26,2572.69,2572.69,2572.69,2572.69,0
2010-07-27,2580.0,2580.0,2580.0,2580.0,0
2010-07-28,2572.9,2572.9,2572.9,2572.9,0
2010-07-29,2572.8,2572.8,2572.8,2572.8,0
2010-07-30,2573.4,2573.4,2573.4,2573.4,0
2010-08-02,2599.4,2599.4,2599.4,2599.4,0
2010-08-03,2607.19,2607.19,2607.19,2607.19,0
2010-08-04,2614.3,2614.3,2614.3,2614.3,0
2010-08-05,2613.9,2613.9,2613.9,2613.9,0
2010-08-06,2615.3,2615.3,2615.3,2615.3,0
2010-08-09,2641.3,2641.3,2641.3,2641.3,0
2010-08-10,2628.3,2628.3,2628.3,2628.3,0
2010-08-11,2616.6,2616.6,2616.6,2616.6,0
2010-08-12,2622.1,2622.1,2622.1,2622.1,0
2010-08-13,2642.8,2642.8,2642.8,2642.8,0
2010-08-16,2635.3,2635.3,2635.3,2635.3,0
2010-08-17,2643.0,2643.0,2643.0,2643.0,0
2010-08-18,2666.4,2666.4,2666.4,2666.4,0
2010-08-19,2686.5,2686.5,2686.5,2686.5,0
2010-08-20,2686.0,2686.0,2686.0,2686.0,0
2010-08-23,2701.8,2701.8,2701.8,2701.8,0
2010-08-24,2682.4,2682.4,2682.4,2682.4,0
2010-08-25,2653.3,2653.3,2653.3,2653.3,0
2010-08-26,2656.1,2656.1,2656.1,2656.1,0
2010-08-27,2631.7,2631.7,2631.7,2631.7,0
2010-08-30,2634.4,2634.4,2634.4,2634.4,0
2010-08-31,2623.4,2623.4,2623.4,2623.4,0
2010-09-01,2662.0,2662.0,2662.0,2662.0,0
2010-09-02,2674.2,2674.2,2674.2,2674.2,0
2010-09-03,2690.0,2690.0,2690.0,2690.0,0
2010-09-06,2725.5,2725.5,2725.5,2725.5,0
2010-09-07,2732.9,2732.9,2732.9,2732.9,0
2010-09-08,2737.1,2737.1,2737.1,2737.1,0
2010-09-09,2750.9,2750.9,2750.9,2750.9,0
2010-09-13,2785.8,2785.8,2785.8,2785.8,0
2010-09-14,2788.2,2788.2,2788.2,2788.2,0
2010-09-15,2799.4,2799.4,2799.4,2799.4,0
2010-09-16,2775.6,2775.6,2775.6,2775.6,0
2010-09-17,2812.7,2812.7,2812.7,2812.7,0
2010-09-20,2838.3,2838.3,2838.3,2838.3,0
2010-09-21,2825.2,2825.2,2825.2,2825.2,0
2010-09-22,2814.7,2814.7,2814.7,2814.7,0
2010-09-23,2806.1,2806.1,2806.1,2806.1,0
2010-09-24,2830.8,2830.8,2830.8,2830.8,0
2010-09-27,2841.2,2841.2,2841.2,2841.2,0
2010-09-28,2844.3,2844.3,2844.3,2844.3,0
2010-09-29,2824.9,2824.9,2824.9,2824.9,0
2010-09-30,2820.1,2820.1,2820.1,2820.1,0
2010-10-01,2870.0,2870.0,2870.0,2870.0,0
2010-10-04,2886.2,2886.2,2886.2,2886.2,0
2010-10-05,2895.9,2895.9,2895.9,2895.9,0
2010-10-06,2923.3,2923.3,2923.3,2923.3,0
2010-10-07,2901.2,2901.2,2901.2,2901.2,0
2010-10-08,2889.0,2889.0,2889.0,2889.0,0
2010-10-11,2908.6,2908.6,2908.6,2908.6,0
2010-10-12,2888.9,2888.9,2888.9,2888.9,0
2010-10-13,2933.8,2933.8,2933.8,2933.8,0
2010-10-14,2917.3,2917.3,2917.3,2917.3,0
2010-10-15,2869.6,2869.6,2869.6,2869.6,0
2010-10-18,2867.2,2867.2,2867.2,2867.2,0
2010-10-19,2860.0,2860.0,2860.0,2860.0,0
2010-10-20,2849.1,2849.1,2849.1,2849.1,0
2010-10-21,2897.0,2897.0,2897.0,2897.0,0
2010-10-22,2893.4,2893.4,2893.4,2893.4,0
2010-10-25,2910.2,2910.2,2910.2,2910.2,0
2010-10-26,2901.1,2901.1,2901.1,2901.1,0
2010-10-27,2882.4,2882.4,2882.4,2882.4,0
2010-10-28,2862.0,2862.0,2862.0,2862.0,0
2010-10-29,2860.5,2860.5,2860.5,2860.5,0
2010-11-01,2910.0,2910.0,2910.0,2910.0,0
2010-11-02,2916.6,2916.6,2916.6,2916.6,0
2010-11-03,2933.6,2933.6,2933.6,2933.6,0
2010-11-04,2974.2,2974.2,2974.2,2974.2,0
2010-11-05,2989.9,2989.9,2989.9,2989.9,0
2010-11-08,2981.4,2981.4,2981.4,2981.4,0
2010-11-09,2994.1,2994.1,2994.1,2994.1,0
2010-11-10,2992.4,2992.4,2992.4,2992.4,0
2010-11-11,2954.1,2954.1,2954.1,2954.1,0
2010-11-12,2888.9,2888.9,2888.9,2888.9,0
2010-11-15,2903.6,2903.6,2903.6,2903.6,0
2010-11-16,2844.6,2844.6,2844.6,2844.6,0
2010-11-18,2841.3,2841.3,2841.3,2841.3,0
2010-11-19,2788.8,2788.8,2788.8,2788.8,0
2010-11-22,2834.2,2834.2,2834.2,2834.2,0
2010-11-23,2803.8,2803.8,2803.8,2803.8,0
2010-11-24,2765.0,2765.0,2765.0,2765.0,0
2010-11-25,2712.1,2712.1,2712.1,2712.1,0
2010-11-26,2666.2,2666.2,2666.2,2666.2,0
2010-11-29,2697.4,2697.4,2697.4,2697.4,0
2010-11-30,2727.1,2727.1,2727.1,2727.1,0
2010-12-01,2792.3,2792.3,2792.3,2792.3,0
2010-12-02,2814.8,2814.8,2814.8,2814.8,0
2010-12-03,2777.0,2777.0,2777.0,2777.0,0
2010-12-06,2769.2,2769.2,2769.2,2769.2,0
2010-12-07,2749.3,2749.3,2749.3,2749.3,0
2010-12-08,2705.9,2705.9,2705.9,2705.9,0
2010-12-09,2614.5,2614.5,2614.5,2614.5,0
2010-12-10,2659.3,2659.3,2659.3,2659.3,0
2010-12-13,2696.3,2696.3,2696.3,2696.3,0
2010-12-14,2724.1,2724.1,2724.1,2724.1,0
2010-12-15,2690.7,2690.7,2690.7,2690.7,0
2010-12-16,2702.3,2702.3,2702.3,2702.3,0
2010-12-20,2697.0,2697.0,2697.0,2697.0,0
2010-12-21,2720.2,2720.2,2720.2,2720.2,0
2010-12-22,2717.9,2717.9,2717.9,2717.9,0
2010-12-23,2712.3,2712.3,2712.3,2712.3,0
2010-12-24,2722.2,2722.2,2722.2,2722.2,0
2010-12-27,2713.9,2713.9,2713.9,2713.9,0
2010-12-28,2712.6,2712.6,2712.6,2712.6,0
2010-12-29,2734.5,2734.5,2734.5,2734.5,0
2010-12-30,2752.9,2752.9,2752.9,2752.9,0
2010-12-31,2778.5,2778.5,2778.5,2778.5,0
2011-01-03,2796.5,2796.5,2796.5,2796.5,0
2011-01-04,2789.9,2789.9,2789.9,2789.9,0
2011-01-05,2755.8,2755.8,2755.8,2755.8,0
2011-01-06,2729.4,2729.4,2729.4,2729.4,0
2011-01-07,2663.3,2663.3,2663.3,2663.3,0
2011-01-10,2599.0,2599.0,2599.0,2599.0,0
2011-01-11,2591.5,2591.5,2591.5,2591.5,0
2011-01-12,2639.3,2639.3,2639.3,2639.3,0
2011-01-13,2604.19,2604.19,2604.19,2604.19,0
2011-01-14,2565.6,2565.6,2565.6,2565.6,0
2011-01-17,2547.6,2547.6,2547.6,2547.6,0
2011-01-18,2567.5,2567.5,2567.5,2567.5,0
2011-01-19,2566.0,2566.0,2566.0,2566.0,0
2011-01-20,2574.19,2574.19,2574.19,2574.19,0
2011-01-21,2573.6,2573.6,2573.6,2573.6,0
2011-01-24,2595.19,2595.19,2595.19,2595.19,0
2011-01-25,2577.6,2577.6,2577.6,2577.6,0
2011-01-27,2529.1,2529.1,2529.1,2529.1,0
2011-01-28,2475.5,2475.5,2475.5,2475.5,0
2011-01-31,2476.5,2476.5,2476.5,2476.5,0
2011-02-01,2433.3,2433.3,2433.3,2433.3,0
2011-02-02,2437.5,2437.5,2437.5,2437.5,0
2011-02-03,2469.19,2469.19,2469.19,2469.19,0
2011-02-04,2425.69,2425.69,2425.69,2425.69,0
2011-02-07,2418.1,2418.1,2418.1,2418.1,0
2011-02-08,2370.19,2370.19,2370.19,2370.19,0
2011-02-09,2314.5,2314.5,2314.5,2314.5,0
2011-02-10,2311.9,2311.9,2311.9,2311.9,0
2011-02-11,2363.0,2363.0,2363.0,2363.0,0
2011-02-14,2434.5,2434.5,2434.5,2434.5,0
2011-02-15,2444.3,2444.3,2444.3,2444.3,0
2011-02-16,2449.8,2449.8,2449.8,2449.8,0
2011-02-17,2476.6,2476.6,2476.6,2476.6,0
2011-02-18,2430.5,2430.5,2430.5,2430.5,0
2011-02-21,2446.69,2446.69,2446.69,2446.69,0
2011-02-22,2423.4,2423.4,2423.4,2423.4,0
2011-02-23,2407.1,2407.1,2407.1,2407.1,0
2011-02-24,2330.4,2330.4,2330.4,2330.4,0
2011-02-25,2341.3,2341.3,2341.3,2341.3,0
2011-02-28,2350.9,2350.9,2350.9,2350.9,0
2011-03-01,2432.4,2432.4,2432.4,2432.4,0
2011-03-03,2441.5,2441.5,2441.5,2441.5,0
2011-03-04,2444.4,2444.4,2444.4,2444.4,0
2011-03-07,2411.5,2411.5,2411.5,2411.5,0
2011-03-08,2435.69,2435.69,2435.69,2435.69,0
2011-03-09,2446.3,2446.3,2446.3,2446.3,0
2011-03-10,2436.9,2436.9,2436.9,2436.9,0
2011-03-11,2414.3,2414.3,2414.3,2414.3,0
2011-03-14,2439.9,2439.9,2439.9,2439.9,0
2011-03-15,2405.1,2405.1,2405.1,2405.1,0
2011-03-16,2436.4,2436.4,2436.4,2436.4,0
2011-03-17,2421.3,2421.3,2421.3,2421.3,0
2011-03-18,2399.1,2399.1,2399.1,2399.1,0
2011-03-21,2393.5,2393.5,2393.5,2393.5,0
2011-03-22,2415.9,2415.9,2415.9,2415.9,0
2011-03-23,2441.19,2441.19,2441.19,2441.19,0
2011-03-24,2460.9,2460.9,2460.9,2460.9,0
2011-03-25,2498.9,2498.9,2498.9,2498.9,0
2011-03-28,2511.19,2511.19,2511.19,2511.19,0
2011-03-29,2524.1,2524.1,2524.1,2524.1,0
2011-03-30,2555.4,2555.4,2555.4,2555.4,0
2011-03-31,2566.5,2566.5,2566.5,2566.5,0
2011-04-01,2583.69,2583.69,2583.69,2583.69,0
2011-04-04,2620.3,2620.3,2620.3,2620.3,0
2011-04-05,2633.1,2633.1,2633.1,2633.1,0
2011-04-06,2634.6,2634.6,2634.6,2634.6,0
2011-04-07,2646.0,2646.0,2646.0,2646.0,0
2011-04-08,2617.9,2617.9,2617.9,2617.9,0
2011-04-11,2597.6,2597.6,2597.6,2597.6,0
2011-04-13,2641.0,2641.0,2641.0,2641.0,0
2011-04-15,2621.0,2621.0,2621.0,2621.0,0
2011-04-18,2582.69,2582.69,2582.69,2582.69,0
2011-04-19,2590.9,2590.9,2590.9,2590.9,0
2011-04-20,2629.1,2629.1,2629.1,2629.1,0
2011-04-21,2636.2,2636.2,2636.2,2636.2,0
2011-04-25,2636.5,2636.5,2636.5,2636.5,0
2011-04-26,2632.1,2632.1,2632.1,2632.1,0
2011-04-27,2625.9,2625.9,2625.9,2625.9,0
2011-04-28,2603.6,2603.6,2603.6,2603.6,0
2011-04-29,2579.69,2579.69,2579.69,2579.69,0
2011-05-02,2558.5,2558.5,2558.5,2558.5,0
2011-05-03,2503.1,2503.1,2503.1,2503.1,0
2011-05-04,2491.4,2491.4,2491.4,2491.4,0
2011-05-05,2461.69,2461.69,2461.69,2461.69,0
2011-05-06,2498.3,2498.3,2498.3,2498.3,0
2011-05-09,2498.3,2498.3,2498.3,2498.3,0
2011-05-10,2496.69,2496.69,2496.69,2496.69,0
2011-05-11,2510.5,2510.5,2510.5,2510.5,0
2011-05-12,2481.5,2481.5,2481.5,2481.5,0
2011-05-13,2507.1,2507.1,2507.1,2507.1,0
2011-05-16,2486.8,2486.8,2486.8,2486.8,0
2011-05-17,2465.19,2465.19,2465.19,2465.19,0
2011-05-18,2452.4,2452.4,2452.4,2452.4,0
2011-05-19,2445.6,2445.6,2445.6,2445.6,0
2011-05-20,2466.69,2466.69,2466.69,2466.69,0
2011-05-23,2425.8,2425.8,2425.8,2425.8,0
2011-05-24,2430.9,2430.9,2430.9,2430.9,0
2011-05-25,2415.4,2415.4,2415.4,2415.4,0
2011-05-26,2430.69,2430.69,2430.69,2430.69,0
2011-05-27,2466.3,2466.3,2466.3,2466.3,0
2011-05-30,2478.19,2478.19,2478.19,2478.19,0
2011-05-31,2518.19,2518.19,2518.19,2518.19,0
2011-06-01,2533.3,2533.3,2533.3,2533.3,0
2011-06-02,2514.5,2514.5,2514.5,2514.5,0
2011-06-03,2504.1,2504.1,2504.1,2504.1,0
2011-06-06,2506.3,2506.3,2506.3,2506.3,0
2011-06-07,2522.3,2522.3,2522.3,2522.3,0
2011-06-08,2515.69,2515.69,2515.69,2515.69,0
2011-06-09,2512.0,2512.0,2512.0,2512.0,0
2011-06-10,2499.0,2499.0,2499.0,2499.0,0
2011-06-13,2502.9,2502.9,2502.9,2502.9,0
2011-06-14,2513.3,2513.3,2513.3,2513.3,0
2011-06-15,2493.4,2493.4,2493.4,2493.4,0
2011-06-16,2473.69,2473.69,2473.69,2473.69,0
2011-06-17,2456.8,2456.8,2456.8,2456.8,0
2011-06-20,2396.6,2396.6,2396.6,2396.6,0
2011-06-21,2395.69,2395.69,2395.69,2395.69,0
2011-06-22,2385.9,2385.9,2385.9,2385.9,0
2011-06-23,2393.4,2393.4,2393.4,2393.4,0
2011-06-24,2454.5,2454.5,2454.5,2454.5,0
2011-06-27,2482.19,2482.19,2482.19,2482.19,0
2011-06-28,2494.8,2494.8,2494.8,2494.8,0
2011-06-29,2513.69,2513.69,2513.69,2513.69,0
2011-06-30,2525.9,2525.9,2525.9,2525.9,0
2011-07-01,2532.69,2532.69,2532.69,2532.69,0
2011-07-04,2550.5,2550.5,2550.5,2550.5,0
2011-07-05,2543.9,2543.9,2543.9,2543.9,0
2011-07-06,2543.8,2543.8,2543.8,2543.8,0
2011-07-07,2580.6,2580.6,2580.6,2580.6,0
2011-07-08,2555.9,2555.9,2555.9,2555.9,0
2011-07-11,2542.3,2542.3,2542.3,2542.3,0
2011-07-12,2508.1,2508.1,2508.1,2508.1,0
2011-07-13,2535.9,2535.9,2535.9,2535.9,0
2011-07-14,2546.3,2546.3,2546.3,2546.3,0
2011-07-15,2540.69,2540.69,2540.69,2540.69,0
2011-07-18,2541.19,2541.19,2541.19,2541.19,0
2011-07-19,2555.6,2555.6,2555.6,2555.6,0
2011-07-20,2530.0,2530.0,2530.0,2530.0,0
2011-07-21,2517.69,2517.69,2517.69,2517.69,0
2011-07-22,2555.3,2555.3,2555.3,2555.3,0
2011-07-25,2573.9,2573.9,2573.9,2573.9,0
2011-07-26,2536.19,2536.19,2536.19,2536.19,0
2011-07-27,2532.4,2532.4,2532.4,2532.4,0
2011-07-28,2506.3,2506.3,2506.3,2506.3,0
2011-07-29,2493.5,2493.5,2493.5,2493.5,0
2011-08-01,2499.4,2499.4,2499.4,2499.4,0
2011-08-02,2468.5,2468.5,2468.5,2468.5,0
2011-08-03,2453.6,2453.6,2453.6,2453.6,0
2011-08-04,2428.6,2428.6,2428.6,2428.6,0
2011-08-05,2382.1,2382.1,2382.1,2382.1,0
2011-08-08,2346.19,2346.19,2346.19,2346.19,0
2011-08-09,2318.9,2318.9,2318.9,2318.9,0
2011-08-10,2363.6,2363.6,2363.6,2363.6,0
2011-08-11,2356.3,2356.3,2356.3,2356.3,0
2011-08-12,2334.3,2334.3,2334.3,2334.3,0
2011-08-16,2305.5,2305.5,2305.5,2305.5,0
2011-08-17,2294.69,2294.69,2294.69,2294.69,0
2011-08-18,2246.8,2246.8,2246.8,2246.8,0
2011-08-19,2210.69,2210.69,2210.69,2210.69,0
2011-08-22,2235.69,2235.69,2235.69,2235.69,0
2011-08-23,2258.4,2258.4,2258.4,2258.4,0
2011-08-24,2237.3,2237.3,2237.3,2237.3,0
2011-08-25,2211.0,2211.0,2211.0,2211.0,0
2011-08-26,2165.4,2165.4,2165.4,2165.4,0
2011-08-29,2231.0,2231.0,2231.0,2231.0,0
2011-08-30,2267.0,2267.0,2267.0,2267.0,0
2011-09-02,2285.3,2285.3,2285.3,2285.3,0
2011-09-05,2286.5,2286.5,2286.5,2286.5,0
2011-09-06,2299.5,2299.5,2299.5,2299.5,0
2011-09-07,2331.1,2331.1,2331.1,2331.1,0
2011-09-08,2338.8,2338.8,2338.8,2338.8,0
2011-09-09,2306.6,2306.6,2306.6,2306.6,0
2011-09-12,2253.19,2253.19,2253.19,2253.19,0
2011-09-13,2251.5,2251.5,2251.5,2251.5,0
2011-09-14,2269.1,2269.1,2269.1,2269.1,0
2011-09-15,2291.69,2291.69,2291.69,2291.69,0
2011-09-16,2296.9,2296.9,2296.9,2296.9,0
2011-09-19,2284.5,2284.5,2284.5,2284.5,0
2011-09-20,2316.1,2316.1,2316.1,2316.1,0
2011-09-21,2322.9,2322.9,2322.9,2322.9,0
2011-09-22,2239.8,2239.8,2239.8,2239.8,0
2011-09-23,2216.9,2216.9,2216.9,2216.9,0
2011-09-26,2192.69,2192.69,2192.69,2192.69,0
2011-09-27,2238.5,2238.5,2238.5,2238.5,0
2011-09-28,2225.5,2225.5,2225.5,2225.5,0
2011-09-29,2239.1,2239.1,2239.1,2239.1,0
2011-09-30,2219.4,2219.4,2219.4,2219.4,0
2011-10-03,2175.1,2175.1,2175.1,2175.1,0
2011-10-04,2142.6,2142.6,2142.6,2142.6,0
2011-10-05,2126.0,2126.0,2126.0,2126.0,0
2011-10-07,2169.1,2169.1,2169.1,2169.1,0
2011-10-10,2205.19,2205.19,2205.19,2205.19,0
2011-10-11,2210.5,2210.5,2210.5,2210.5,0
2011-10-12,2254.5,2254.5,2254.5,2254.5,0
2011-10-13,2253.19,2253.19,2253.19,2253.19,0
2011-10-14,2267.0,2267.0,2267.0,2267.0,0
2011-10-17,2266.9,2266.9,2266.9,2266.9,0
2011-10-18,2233.19,2233.19,2233.19,2233.19,0
2011-10-19,2270.0,2270.0,2270.0,2270.0,0
2011-10-20,2249.6,2249.6,2249.6,2249.6,0
2011-10-21,2231.8,2231.8,2231.8,2231.8,0
2011-10-24,2237.4,2237.4,2237.4,2237.4,0
2011-10-25,2261.9,2261.9,2261.9,2261.9,0
2011-10-26,2276.19,2276.19,2276.19,2276.19,0
2011-10-28,2332.19,2332.19,2332.19,2332.19,0
2011-10-31,2330.8,2330.8,2330.8,2330.8,0
2011-11-01,2309.8,2309.8,2309.8,2309.8,0
2011-11-02,2311.6,2311.6,2311.6,2311.6,0
2011-11-03,2315.9,2315.9,2315.9,2315.9,0
2011-11-04,2331.3,2331.3,2331.3,2331.3,0
2011-11-08,2332.69,2332.69,2332.69,2332.69,0
2011-11-09,2301.1,2301.1,2301.1,2301.1,0
2011-11-11,2275.6,2275.6,2275.6,2275.6,0
2011-11-14,2253.5,2253.5,2253.5,2253.5,0
2011-11-15,2204.9,2204.9,2204.9,2204.9,0
2011-11-16,2186.3,2186.3,2186.3,2186.3,0
2011-11-17,2151.1,2151.1,2151.1,2151.1,0
2011-11-18,2133.9,2133.9,2133.9,2133.9,0
2011-11-21,2089.8,2089.8,2089.8,2089.8,0
2011-11-22,2101.8,2101.8,2101.8,2101.8,0
2011-11-23,2059.5,2059.5,2059.5,2059.5,0
2011-11-24,2087.19,2087.19,2087.19,2087.19,0
2011-11-25,2080.4,2080.4,2080.4,2080.4,0
2011-11-28,2128.0,2128.0,2128.0,2128.0,0
2011-11-29,2112.0,2112.0,2112.0,2112.0,0
2011-11-30,2112.3,2112.3,2112.3,2112.3,0
2011-12-01,2144.4,2144.4,2144.4,2144.4,0
2011-12-02,2187.8,2187.8,2187.8,2187.8,0
2011-12-05,2186.5,2186.5,2186.5,2186.5,0
2011-12-07,2190.9,2190.9,2190.9,2190.9,0
2011-12-08,2146.3,2146.3,2146.3,2146.3,0
2011-12-09,2121.0,2121.0,2121.0,2121.0,0
2011-12-12,2077.5,2077.5,2077.5,2077.5,0
2011-12-13,2079.5,2079.5,2079.5,2079.5,0
2011-12-14,2062.6,2062.6,2062.6,2062.6,0
2011-12-15,2050.3,2050.3,2050.3,2050.3,0
2011-12-16,2013.2,2013.2,2013.2,2013.2,0
2011-12-19,1982.0,1982.0,1982.0,1982.0,0
2011-12-20,1945.5,1945.5,1945.5,1945.5,0
2011-12-21,1988.4,1988.4,1988.4,1988.4,0
2011-12-22,2009.2,2009.2,2009.2,2009.2,0
2011-12-23,2003.0,2003.0,2003.0,2003.0,0
2011-12-26,2024.3,2024.3,2024.3,2024.3,0
2011-12-27,2009.8,2009.8,2009.8,2009.8,0
2011-12-28,1989.6,1989.6,1989.6,1989.6,0
2011-12-29,1973.0,1973.0,1973.0,1973.0,0
2011-12-30,1971.3,1971.3,1971.3,1971.3,0
2012-01-02,1969.9,1969.9,1969.9,1969.9,0
2012-01-03,2025.4,2025.4,2025.4,2025.4,0
2012-01-04,2025.5,2025.5,2025.5,2025.5,0
2012-01-05,2027.3,2027.3,2027.3,2027.3,0
2012-01-06,2024.6,2024.6,2024.6,2024.6,0
2012-01-07,2029.8,2029.8,2029.8,2029.8,0
2012-01-09,2036.2,2036.2,2036.2,2036.2,0
2012-01-10,2083.19,2083.19,2083.19,2083.19,0
2012-01-11,2099.0,2099.0,2099.0,2099.0,0
2012-01-12,2102.69,2102.69,2102.69,2102.69,0
2012-01-13,2117.6,2117.6,2117.6,2117.6,0
2012-01-16,2119.69,2119.69,2119.69,2119.69,0
2012-01-17,2153.6,2153.6,2153.6,2153.6,0
2012-01-18,2136.5,2136.5,2136.5,2136.5,0
2012-01-19,2163.9,2163.9,2163.9,2163.9,0
2012-01-20,2175.69,2175.69,2175.69,2175.69,0
2012-01-23,2177.6,2177.6,2177.6,2177.6,0
2012-01-24,2214.0,2214.0,2214.0,2214.0,0
2012-01-25,2239.3,2239.3,2239.3,2239.3,0
2012-01-27,2253.3,2253.3,2253.3,2253.3,0
2012-01-30,2204.19,2204.19,2204.19,2204.19,0
2012-01-31,2253.3,2253.3,2253.3,2253.3,0
2012-02-01,2276.1,2276.1,2276.1,2276.1,0
2012-02-02,2292.5,2292.5,2292.5,2292.5,0
2012-02-03,2318.1,2318.1,2318.1,2318.1,0
2012-02-06,2341.9,2341.9,2341.9,2341.9,0
2012-02-07,2321.6,2321.6,2321.6,2321.6,0
2012-02-08,2343.1,2343.1,2343.1,2343.1,0
2012-02-09,2367.19,2367.19,2367.19,2367.19,0
2012-02-10,2364.0,2364.0,2364.0,2364.0,0
2012-02-13,2369.5,2369.5,2369.5,2369.5,0
2012-02-14,2385.6,2385.6,2385.6,2385.6,0
2012-02-15,2440.19,2440.19,2440.19,2440.19,0
2012-02-16,2448.0,2448.0,2448.0,2448.0,0
2012-02-17,2460.69,2460.69,2460.69,2460.69,0
2012-02-21,2480.4,2480.4,2480.4,2480.4,0
2012-02-22,2409.3,2409.3,2409.3,2409.3,0
2012-02-23,2398.6,2398.6,2398.6,2398.6,0
2012-02-24,2376.6,2376.6,2376.6,2376.6,0
2012-02-27,2307.6,2307.6,2307.6,2307.6,0
2012-02-28,2372.69,2372.69,2372.69,2372.69,0
2012-02-29,2392.3,2392.3,2392.3,2392.3,0
2012-03-01,2374.5,2374.5,2374.5,2374.5,0
2012-03-02,2376.6,2376.6,2376.6,2376.6,0
2012-03-03,2377.9,2377.9,2377.9,2377.9,0
2012-03-05,2342.1,2342.1,2342.1,2342.1,0
2012-03-06,2318.19,2318.19,2318.19,2318.19,0
2012-03-07,2316.69,2316.69,2316.69,2316.69,0
2012-03-09,2371.69,2371.69,2371.69,2371.69,0
2012-03-12,2391.4,2391.4,2391.4,2391.4,0
2012-03-13,2420.0,2420.0,2420.0,2420.0,0
2012-03-14,2433.69,2433.69,2433.69,2433.69,0
2012-03-15,2394.6,2394.6,2394.6,2394.6,0
2012-03-16,2368.69,2368.69,2368.69,2368.69,0
2012-03-19,2340.69,2340.69,2340.69,2340.69,0
2012-03-20,2355.69,2355.69,2355.69,2355.69,0
2012-03-21,2401.19,2401.19,2401.19,2401.19,0
2012-03-22,2342.0,2342.0,2342.0,2342.0,0
2012-03-23,2361.8,2361.8,2361.8,2361.8,0
2012-03-26,2320.6,2320.6,2320.6,2320.6,0
2012-03-27,2334.0,2334.0,2334.0,2334.0,0
2012-03-28,2311.5,2311.5,2311.5,2311.5,0
2012-03-29,2311.69,2311.69,2311.69,2311.69,0
2012-03-30,2368.3,2368.3,2368.3,2368.3,0
2012-04-02,2385.5,2385.5,2385.5,2385.5,0
2012-04-03,2406.19,2406.19,2406.19,2406.19,0
2012-04-04,2400.3,2400.3,2400.3,2400.3,0
2012-04-09,2362.4,2362.4,2362.4,2362.4,0
2012-04-10,2360.4,2360.4,2360.4,2360.4,0
2012-04-11,2348.4,2348.4,2348.4,2348.4,0
2012-04-12,2369.1,2369.1,2369.1,2369.1,0
2012-04-13,2343.9,2343.9,2343.9,2343.9,0
2012-04-16,2356.6,2356.6,2356.6,2356.6,0
2012-04-17,2378.6,2378.6,2378.6,2378.6,0
2012-04-18,2387.19,2387.19,2387.19,2387.19,0
2012-04-19,2395.3,2395.3,2395.3,2395.3,0
2012-04-20,2374.19,2374.19,2374.19,2374.19,0
2012-04-23,2333.6,2333.6,2333.6,2333.6,0
2012-04-24,2336.19,2336.19,2336.19,2336.19,0
2012-04-25,2324.5,2324.5,2324.5,2324.5,0
2012-04-26,2316.4,2316.4,2316.4,2316.4,0
2012-04-27,2314.4,2314.4,2314.4,2314.4,0
2012-04-28,2324.69,2324.69,2324.69,2324.69,0
2012-04-30,2341.3,2341.3,2341.3,2341.3,0
2012-05-02,2336.1,2336.1,2336.1,2336.1,0
2012-05-03,2311.5,2311.5,2311.5,2311.5,0
2012-05-04,2266.6,2266.6,2266.6,2266.6,0
2012-05-07,2278.0,2278.0,2278.0,2278.0,0
2012-05-08,2236.69,2236.69,2236.69,2236.69,0
2012-05-09,2219.1,2219.1,2219.1,2219.1,0
2012-05-10,2218.6,2218.6,2218.6,2218.6,0
2012-05-11,2201.4,2201.4,2201.4,2201.4,0
2012-05-14,2189.0,2189.0,2189.0,2189.0,0
2012-05-15,2202.3,2202.3,2202.3,2202.3,0
2012-05-16,2173.19,2173.19,2173.19,2173.19,0
2012-05-17,2174.9,2174.9,2174.9,2174.9,0
2012-05-18,2176.1,2176.1,2176.1,2176.1,0
2012-05-21,2185.69,2185.69,2185.69,2185.69,0
2012-05-22,2167.9,2167.9,2167.9,2167.9,0
2012-05-23,2157.69,2157.69,2157.69,2157.69,0
2012-05-24,2184.1,2184.1,2184.1,2184.1,0
2012-05-25,2190.4,2190.4,2190.4,2190.4,0
2012-05-28,2219.8,2219.8,2219.8,2219.8,0
2012-05-29,2217.69,2217.69,2217.69,2217.69,0
2012-05-30,2193.0,2193.0,2193.0,2193.0,0
2012-05-31,2194.1,2194.1,2194.1,2194.1,0
2012-06-01,2160.3,2160.3,2160.3,2160.3,0
2012-06-04,2157.6,2157.6,2157.6,2157.6,0
2012-06-05,2164.3,2164.3,2164.3,2164.3,0
2012-06-06,2213.1,2213.1,2213.1,2213.1,0
2012-06-07,2231.9,2231.9,2231.9,2231.9,0
2012-06-08,2239.9,2239.9,2239.9,2239.9,0
2012-06-11,2233.0,2233.0,2233.0,2233.0,0
2012-06-12,2254.8,2254.8,2254.8,2254.8,0
2012-06-13,2253.6,2253.6,2253.6,2253.6,0
2012-06-14,2223.19,2223.19,2223.19,2223.19,0
2012-06-15,2248.4,2248.4,2248.4,2248.4,0
2012-06-18,2219.6,2219.6,2219.6,2219.6,0
2012-06-19,2229.5,2229.5,2229.5,2229.5,0
2012-06-20,2245.19,2245.19,2245.19,2245.19,0
2012-06-21,2265.5,2265.5,2265.5,2265.5,0
2012-06-22,2262.19,2262.19,2262.19,2262.19,0
2012-06-25,2255.8,2255.8,2255.8,2255.8,0
2012-06-26,2264.4,2264.4,2264.4,2264.4,0
2012-06-27,2273.19,2273.19,2273.19,2273.19,0
2012-06-28,2274.5,2274.5,2274.5,2274.5,0
2012-06-29,2323.4,2323.4,2323.4,2323.4,0
2012-07-02,2334.6,2334.6,2334.6,2334.6,0
2012-07-03,2345.1,2345.1,2345.1,2345.1,0
2012-07-04,2357.1,2357.1,2357.1,2357.1,0
2012-07-05,2370.3,2370.3,2370.3,2370.3,0
2012-07-06,2359.9,2359.9,2359.9,2359.9,0
2012-07-09,2334.3,2334.3,2334.3,2334.3,0
2012-07-10,2362.3,2362.3,2362.3,2362.3,0
2012-07-11,2352.4,2352.4,2352.4,2352.4,0
2012-07-12,2331.4,2331.4,2331.4,2331.4,0
2012-07-13,2324.5,2324.5,2324.5,2324.5,0
2012-07-16,2312.6,2312.6,2312.6,2312.6,0
2012-07-17,2302.69,2302.69,2302.69,2302.69,0
2012-07-18,2312.19,2312.19,2312.19,2312.19,0
2012-07-19,2319.1,2319.1,2319.1,2319.1,0
2012-07-20,2309.69,2309.69,2309.69,2309.69,0
2012-07-23,2273.0,2273.0,2273.0,2273.0,0
2012-07-24,2280.4,2280.4,2280.4,2280.4,0
2012-07-25,2269.4,2269.4,2269.4,2269.4,0
2012-07-26,2234.0,2234.0,2234.0,2234.0,0
2012-07-27,2238.5,2238.5,2238.5,2238.5,0
2012-07-30,2279.0,2279.0,2279.0,2279.0,0
2012-07-31,2291.5,2291.5,2291.5,2291.5,0
2012-08-01,2303.9,2303.9,2303.9,2303.9,0
2012-08-02,2304.19,2304.19,2304.19,2304.19,0
2012-08-03,2300.4,2300.4,2300.4,2300.4,0
2012-08-06,2319.4,2319.4,2319.4,2319.4,0
2012-08-07,2335.5,2335.5,2335.5,2335.5,0
2012-08-08,2330.19,2330.19,2330.19,2330.19,0
2012-08-09,2324.5,2324.5,2324.5,2324.5,0
2012-08-10,2323.3,2323.3,2323.3,2323.3,0
2012-08-13,2339.19,2339.19,2339.19,2339.19,0
2012-08-14,2347.6,2347.6,2347.6,2347.6,0
2012-08-16,2343.6,2343.6,2343.6,2343.6,0
2012-08-17,2343.6,2343.6,2343.6,2343.6,0
2012-08-21,2357.1,2357.1,2357.1,2357.1,0
2012-08-22,2350.69,2350.69,2350.69,2350.69,0
2012-08-23,2349.0,2349.0,2349.0,2349.0,0
2012-08-24,2335.19,2335.19,2335.19,2335.19,0
2012-08-27,2316.9,2316.9,2316.9,2316.9,0
2012-08-28,2302.8,2302.8,2302.8,2302.8,0
2012-08-29,2287.5,2287.5,2287.5,2287.5,0
2012-08-30,2298.69,2298.69,2298.69,2298.69,0
2012-08-31,2285.69,2285.69,2285.69,2285.69,0
2012-09-03,2286.19,2286.19,2286.19,2286.19,0
2012-09-04,2298.0,2298.0,2298.0,2298.0,0
2012-09-05,2283.1,2283.1,2283.1,2283.1,0
2012-09-06,2288.69,2288.69,2288.69,2288.69,0
2012-09-07,2324.8,2324.8,2324.8,2324.8,0
2012-09-08,2333.1,2333.1,2333.1,2333.1,0
2012-09-10,2337.19,2337.19,2337.19,2337.19,0
2012-09-11,2342.6,2342.6,2342.6,2342.6,0
2012-09-12,2354.8,2354.8,2354.8,2354.8,0
2012-09-13,2355.19,2355.19,2355.19,2355.19,0
2012-09-14,2394.69,2394.69,2394.69,2394.69,0
2012-09-17,2420.69,2420.69,2420.69,2420.69,0
2012-09-18,2429.4,2429.4,2429.4,2429.4,0
2012-09-20,2411.5,2411.5,2411.5,2411.5,0
2012-09-21,2463.5,2463.5,2463.5,2463.5,0
2012-09-24,2465.69,2465.69,2465.69,2465.69,0
2012-09-25,2474.19,2474.19,2474.19,2474.19,0
2012-09-26,2476.69,2476.69,2476.69,2476.69,0
2012-09-27,2483.0,2483.0,2483.0,2483.0,0
2012-09-28,2508.6,2508.6,2508.6,2508.6,0
2012-10-01,2521.6,2521.6,2521.6,2521.6,0
2012-10-03,2532.5,2532.5,2532.5,2532.5,0
2012-10-04,2549.6,2549.6,2549.6,2549.6,0
2012-10-05,2532.3,2532.3,2532.3,2532.3,0
2012-10-08,2508.19,2508.19,2508.19,2508.19,0
2012-10-09,2522.1,2522.1,2522.1,2522.1,0
2012-10-10,2496.3,2496.3,2496.3,2496.3,0
2012-10-11,2525.6,2525.6,2525.6,2525.6,0
2012-10-12,2520.19,2520.19,2520.19,2520.19,0
2012-10-15,2521.19,2521.19,2521.19,2521.19,0
2012-10-16,2504.9,2504.9,2504.9,2504.9,0
2012-10-17,2508.0,2508.0,2508.0,2508.0,0
2012-10-18,2533.1,2533.1,2533.1,2533.1,0
2012-10-19,2520.3,2520.3,2520.3,2520.3,0
2012-10-22,2528.9,2528.9,2528.9,2528.9,0
2012-10-23,2518.8,2518.8,2518.8,2518.8,0
2012-10-25,2520.3,2520.3,2520.3,2520.3,0
2012-10-26,2498.5,2498.5,2498.5,2498.5,0
2012-10-29,2489.1,2489.1,2489.1,2489.1,0
2012-10-30,2462.9,2462.9,2462.9,2462.9,0
2012-10-31,2482.3,2482.3,2482.3,2482.3,0
2012-11-01,2498.4,2498.4,2498.4,2498.4,0
2012-11-02,2515.4,2515.4,2515.4,2515.4,0
2012-11-05,2515.3,2515.3,2515.3,2515.3,0
2012-11-06,2524.5,2524.5,2524.5,2524.5,0
2012-11-07,2545.3,2545.3,2545.3,2545.3,0
2012-11-08,2544.9,2544.9,2544.9,2544.9,0
2012-11-09,2522.4,2522.4,2522.4,2522.4,0
2012-11-12,2543.1,2543.1,2543.1,2543.1,0
2012-11-13,2548.1,2548.1,2548.1,2548.1,0
2012-11-15,2540.3,2540.3,2540.3,2540.3,0
2012-11-16,2514.69,2514.69,2514.69,2514.69,0
2012-11-19,2499.5,2499.5,2499.5,2499.5,0
2012-11-20,2491.4,2491.4,2491.4,2491.4,0
2012-11-21,2506.0,2506.0,2506.0,2506.0,0
2012-11-22,2516.5,2516.5,2516.5,2516.5,0
2012-11-23,2519.19,2519.19,2519.19,2519.19,0
2012-11-26,2542.1,2542.1,2542.1,2542.1,0
2012-11-27,2579.19,2579.19,2579.19,2579.19,0
2012-11-29,2612.19,2612.19,2612.19,2612.19,0
2012-11-30,2633.6,2633.6,2633.6,2633.6,0
2012-12-03,2649.0,2649.0,2649.0,2649.0,0
2012-12-04,2657.9,2657.9,2657.9,2657.9,0
2012-12-05,2667.4,2667.4,2667.4,2667.4,0
2012-12-06,2682.4,2682.4,2682.4,2682.4,0
2012-12-07,2676.5,2676.5,2676.5,2676.5,0
2012-12-10,2685.8,2685.8,2685.8,2685.8,0
2012-12-11,2673.0,2673.0,2673.0,2673.0,0
2012-12-12,2670.0,2670.0,2670.0,2670.0,0
2012-12-13,2646.7,2646.7,2646.7,2646.7,0
2012-12-14,2663.5,2663.5,2663.5,2663.5,0
2012-12-17,2664.0,2664.0,2664.0,2664.0,0
2012-12-18,2681.8,2681.8,2681.8,2681.8,0
2012-12-19,2698.4,2698.4,2698.4,2698.4,0
2012-12-20,2693.9,2693.9,2693.9,2693.9,0
2012-12-21,2658.5,2658.5,2658.5,2658.5,0
2012-12-24,2664.5,2664.5,2664.5,2664.5,0
2012-12-26,2684.6,2684.6,2684.6,2684.6,0
2012-12-27,2671.6,2671.6,2671.6,2671.6,0
2012-12-28,2691.7,2691.7,2691.7,2691.7,0
2012-12-31,2697.2,2697.2,2697.2,2697.2,0
2013-01-01,2724.4,2724.4,2724.4,2724.4,0
2013-01-02,2740.7,2740.7,2740.7,2740.7,0
2013-01-03,2752.9,2752.9,2752.9,2752.9,0
2013-01-04,2760.0,2760.0,2760.0,2760.0,0
2013-01-07,2755.0,2755.0,2755.0,2755.0,0
2013-01-08,2758.5,2758.5,2758.5,2758.5,0
2013-01-09,2746.1,2746.1,2746.1,2746.1,0
2013-01-10,2738.8,2738.8,2738.8,2738.8,0
2013-01-11,2712.5,2712.5,2712.5,2712.5,0
2013-01-14,2744.0,2744.0,2744.0,2744.0,0
2013-01-15,2752.9,2752.9,2752.9,2752.9,0
2013-01-16,2722.7,2722.7,2722.7,2722.7,0
2013-01-17,2731.8,2731.8,2731.8,2731.8,0
2013-01-18,2734.3,2734.3,2734.3,2734.3,0
2013-01-21,2737.5,2737.5,2737.5,2737.5,0
2013-01-22,2716.4,2716.4,2716.4,2716.4,0
2013-01-23,2706.2,2706.2,2706.2,2706.2,0
2013-01-24,2665.2,2665.2,2665.2,2665.2,0
2013-01-25,2702.6,2702.6,2702.6,2702.6,0
2013-01-28,2704.3,2704.3,2704.3,2704.3,0
2013-01-29,2690.6,2690.6,2690.6,2690.6,0
2013-01-30,2690.3,2690.3,2690.3,2690.3,0
2013-01-31,2696.7,2696.7,2696.7,2696.7,0
2013-02-01,2692.4,2692.4,2692.4,2692.4,0
2013-02-04,2679.3,2679.3,2679.3,2679.3,0
2013-02-05,2663.2,2663.2,2663.2,2663.2,0
2013-02-06,2665.7,2665.7,2665.7,2665.7,0
2013-02-07,2650.9,2650.9,2650.9,2650.9,0
2013-02-08,2634.4,2634.4,2634.4,2634.4,0
2013-02-11,2632.8,2632.8,2632.8,2632.8,0
2013-02-12,2635.9,2635.9,2635.9,2635.9,0
2013-02-13,2629.9,2629.9,2629.9,2629.9,0
2013-02-14,2604.3,2604.3,2604.3,2604.3,0
2013-02-15,2607.1,2607.1,2607.1,2607.1,0
2013-02-18,2615.6,2615.6,2615.6,2615.6,0
2013-02-19,2640.7,2640.7,2640.7,2640.7,0
2013-02-20,2640.6,2640.6,2640.6,2640.6,0
2013-02-21,2599.1,2599.1,2599.1,2599.1,0
2013-02-22,2599.3,2599.3,2599.3,2599.3,0
2013-02-25,2587.9,2587.9,2587.9,2587.9,0
2013-02-26,2546.5,2546.5,2546.5,2546.5,0
2013-02-27,2562.1,2562.1,2562.1,2562.1,0
2013-02-28,2509.5,2509.5,2509.5,2509.5,0
2013-03-01,2523.8,2523.8,2523.8,2523.8,0
2013-03-04,2500.3,2500.3,2500.3,2500.3,0
2013-03-05,2540.8,2540.8,2540.8,2540.8,0
2013-03-06,2560.8,2560.8,2560.8,2560.8,0
2013-03-07,2577.1,2577.1,2577.1,2577.1,0
2013-03-08,2605.5,2605.5,2605.5,2605.5,0
2013-03-11,2609.3,2609.3,2609.3,2609.3,0
2013-03-12,2594.69,2594.69,2594.69,2594.69,0
2013-03-13,2568.0,2568.0,2568.0,2568.0,0
2013-03-14,2588.0,2588.0,2588.0,2588.0,0
2013-03-15,2573.19,2573.19,2573.19,2573.19,0
2013-03-18,2562.6,2562.6,2562.6,2562.6,0
2013-03-19,2523.3,2523.3,2523.3,2523.3,0
2013-03-20,2485.5,2485.5,2485.5,2485.5,0
2013-03-21,2466.9,2466.9,2466.9,2466.9,0
2013-03-22,2460.0,2460.0,2460.0,2460.0,0
2013-03-25,2453.3,2453.3,2453.3,2453.3,0
2013-03-26,2451.3,2451.3,2451.3,2451.3,0
2013-03-28,2480.0,2480.0,2480.0,2480.0,0
2013-04-01,2498.6,2498.6,2498.6,2498.6,0
2013-04-02,2525.5,2525.5,2525.5,2525.5,0
2013-04-03,2500.0,2500.0,2500.0,2500.0,0
2013-04-04,2454.9,2454.9,2454.9,2454.9,0
2013-04-05,2451.0,2451.0,2451.0,2451.0,0
2013-04-08,2446.6,2446.6,2446.6,2446.6,0
2013-04-09,2424.5,2424.5,2424.5,2424.5,0
2013-04-10,2443.3,2443.3,2443.3,2443.3,0
2013-04-11,2450.6,2450.6,2450.6,2450.6,0
2013-04-12,2437.8,2437.8,2437.8,2437.8,0
2013-04-15,2444.9,2444.9,2444.9,2444.9,0
2013-04-16,2482.0,2482.0,2482.0,2482.0,0
2013-04-17,2483.19,2483.19,2483.19,2483.19,0
2013-04-18,2513.6,2513.6,2513.6,2513.6,0
2013-04-22,2545.6,2545.6,2545.6,2545.6,0
2013-04-23,2541.0,2541.0,2541.0,2541.0,0
2013-04-25,2564.19,2564.19,2564.19,2564.19,0
2013-04-26,2548.8,2548.8,2548.8,2548.8,0
2013-04-29,2565.5,2565.5,2565.5,2565.5,0
2013-04-30,2575.0,2575.0,2575.0,2575.0,0
2013-05-02,2602.4,2602.4,2602.4,2602.4,0
2013-05-03,2585.4,2585.4,2585.4,2585.4,0
2013-05-06,2604.4,2604.4,2604.4,2604.4,0
2013-05-07,2632.5,2632.5,2632.5,2632.5,0
2013-05-08,2642.0,2642.0,2642.0,2642.0,0
2013-05-09,2630.8,2630.8,2630.8,2630.8,0
2013-05-10,2648.3,2648.3,2648.3,2648.3,0
2013-05-11,2654.2,2654.2,2654.2,2654.2,0
2013-05-13,2608.1,2608.1,2608.1,2608.1,0
2013-05-14,2617.19,2617.19,2617.19,2617.19,0
2013-05-15,2671.7,2671.7,2671.7,2671.7,0
2013-05-16,2682.6,2682.6,2682.6,2682.6,0
2013-05-17,2691.2,2691.2,2691.2,2691.2,0
2013-05-20,2678.2,2678.2,2678.2,2678.2,0
2013-05-21,2661.7,2661.7,2661.7,2661.7,0
2013-05-22,2645.7,2645.7,2645.7,2645.7,0
2013-05-23,2592.9,2592.9,2592.9,2592.9,0
2013-05-24,2600.3,2600.3,2600.3,2600.3,0
2013-05-27,2635.6,2635.6,2635.6,2635.6,0
2013-05-28,2650.4,2650.4,2650.4,2650.4,0
2013-05-29,2643.5,2643.5,2643.5,2643.5,0
2013-05-30,2644.7,2644.7,2644.7,2644.7,0
2013-05-31,2603.9,2603.9,2603.9,2603.9,0
2013-06-03,2597.69,2597.69,2597.69,2597.69,0
2013-06-04,2596.4,2596.4,2596.4,2596.4,0
2013-06-05,2598.69,2598.69,2598.69,2598.69,0
2013-06-06,2596.19,2596.19,2596.19,2596.19,0
2013-06-07,2580.6,2580.6,2580.6,2580.6,0
2013-06-10,2564.4,2564.4,2564.4,2564.4,0
2013-06-11,2522.69,2522.69,2522.69,2522.69,0
2013-06-12,2509.4,2509.4,2509.4,2509.4,0
2013-06-13,2476.9,2476.9,2476.9,2476.9,0
2013-06-14,2516.19,2516.19,2516.19,2516.19,0
2013-06-17,2530.0,2530.0,2530.0,2530.0,0
2013-06-18,2526.9,2526.9,2526.9,2526.9,0
2013-06-19,2535.5,2535.5,2535.5,2535.5,0
2013-06-20,2474.4,2474.4,2474.4,2474.4,0
2013-06-21,2457.4,2457.4,2457.4,2457.4,0
2013-06-24,2406.0,2406.0,2406.0,2406.0,0
2013-06-25,2402.8,2402.8,2402.8,2402.8,0
2013-06-26,2395.0,2395.0,2395.0,2395.0,0
2013-06-27,2418.9,2418.9,2418.9,2418.9,0
2013-06-28,2481.19,2481.19,2481.19,2481.19,0
2013-07-01,2517.9,2517.9,2517.9,2517.9,0
2013-07-02,2504.4,2504.4,2504.4,2504.4,0
2013-07-03,2465.1,2465.1,2465.1,2465.1,0
2013-07-04,2486.69,2486.69,2486.69,2486.69,0
2013-07-05,2495.3,2495.3,2495.3,2495.3,0
2013-07-08,2481.19,2481.19,2481.19,2481.19,0
2013-07-09,2500.9,2500.9,2500.9,2500.9,0
2013-07-10,2487.0,2487.0,2487.0,2487.0,0
2013-07-11,2518.5,2518.5,2518.5,2518.5,0
2013-07-12,2533.5,2533.5,2533.5,2533.5,0
2013-07-15,2552.3,2552.3,2552.3,2552.3,0
2013-07-16,2518.3,2518.3,2518.3,2518.3,0
2013-07-17,2511.6,2511.6,2511.6,2511.6,0
2013-07-18,2535.1,2535.1,2535.1,2535.1,0
2013-07-19,2524.8,2524.8,2524.8,2524.8,0
2013-07-22,2527.69,2527.69,2527.69,2527.69,0
2013-07-23,2539.19,2539.19,2539.19,2539.19,0
2013-07-24,2499.6,2499.6,2499.6,2499.6,0
2013-07-25,2469.8,2469.8,2469.8,2469.8,0
2013-07-26,2454.6,2454.6,2454.6,2454.6,0
2013-07-29,2429.0,2429.0,2429.0,2429.0,0
2013-07-30,2387.6,2387.6,2387.6,2387.6,0
2013-07-31,2380.5,2380.5,2380.5,2380.5,0
2013-08-01,2359.0,2359.0,2359.0,2359.0,0
2013-08-02,2343.1,2343.1,2343.1,2343.1,0
2013-08-05,2348.0,2348.0,2348.0,2348.0,0
2013-08-06,2287.3,2287.3,2287.3,2287.3,0
2013-08-07,2290.5,2290.5,2290.5,2290.5,0
2013-08-08,2315.1,2315.1,2315.1,2315.1,0
2013-08-12,2343.3,2343.3,2343.3,2343.3,0
2013-08-13,2379.3,2379.3,2379.3,2379.3,0
2013-08-14,2395.69,2395.69,2395.69,2395.69,0
2013-08-16,2317.19,2317.19,2317.19,2317.19,0
2013-08-19,2276.9,2276.9,2276.9,2276.9,0
2013-08-20,2264.6,2264.6,2264.6,2264.6,0
2013-08-21,2230.9,2230.9,2230.9,2230.9,0
2013-08-22,2259.19,2259.19,2259.19,2259.19,0
2013-08-23,2287.19,2287.19,2287.19,2287.19,0
2013-08-26,2297.6,2297.6,2297.6,2297.6,0
2013-08-27,2231.1,2231.1,2231.1,2231.1,0
2013-08-28,2216.5,2216.5,2216.5,2216.5,0
2013-08-29,2257.1,2257.1,2257.1,2257.1,0
2013-08-30,2273.8,2273.8,2273.8,2273.8,0
2013-09-02,2304.69,2304.69,2304.69,2304.69,0
2013-09-03,2238.8,2238.8,2238.8,2238.8,0
2013-09-04,2271.9,2271.9,2271.9,2271.9,0
2013-09-05,2319.69,2319.69,2319.69,2319.69,0
2013-09-06,2345.0,2345.0,2345.0,2345.0,0
2013-09-10,2407.1,2407.1,2407.1,2407.1,0
2013-09-11,2427.8,2427.8,2427.8,2427.8,0
2013-09-12,2411.4,2411.4,2411.4,2411.4,0
2013-09-13,2416.6,2416.6,2416.6,2416.6,0
2013-09-16,2410.8,2410.8,2410.8,2410.8,0
2013-09-17,2407.5,2407.5,2407.5,2407.5,0
2013-09-18,2424.1,2424.1,2424.1,2424.1,0
2013-09-19,2495.5,2495.5,2495.5,2495.5,0
2013-09-20,2464.5,2464.5,2464.5,2464.5,0
2013-09-23,2427.9,2427.9,2427.9,2427.9,0
2013-09-24,2432.0,2432.0,2432.0,2432.0,0
2013-09-25,2433.1,2433.1,2433.1,2433.1,0
2013-09-26,2435.69,2435.69,2435.69,2435.69,0
2013-09-27,2426.0,2426.0,2426.0,2426.0,0
2013-09-30,2402.6,2402.6,2402.6,2402.6,0
2013-10-01,2417.6,2417.6,2417.6,2417.6,0
2013-10-03,2460.5,2460.5,2460.5,2460.5,0
2013-10-04,2463.69,2463.69,2463.69,2463.69,0
2013-10-07,2470.6,2470.6,2470.6,2470.6,0
2013-10-08,2474.9,2474.9,2474.9,2474.9,0
2013-10-09,2502.4,2502.4,2502.4,2502.4,0
2013-10-10,2511.5,2511.5,2511.5,2511.5,0
2013-10-11,2527.5,2527.5,2527.5,2527.5,0
2013-10-14,2538.3,2538.3,2538.3,2538.3,0
2013-10-15,2518.19,2518.19,2518.19,2518.19,0
2013-10-17,2508.4,2508.4,2508.4,2508.4,0
2013-10-18,2551.5,2551.5,2551.5,2551.5,0
2013-10-21,2568.9,2568.9,2568.9,2568.9,0
2013-10-22,2577.9,2577.9,2577.9,2577.9,0
2013-10-23,2570.69,2570.69,2570.69,2570.69,0
2013-10-24,2568.3,2568.3,2568.3,2568.3,0
2013-10-25,2556.3,2556.3,2556.3,2556.3,0
2013-10-28,2535.19,2535.19,2535.19,2535.19,0
2013-10-29,2578.0,2578.0,2578.0,2578.0,0
2013-10-30,2588.19,2588.19,2588.19,2588.19,0
2013-10-31,2617.0,2617.0,2617.0,2617.0,0
2013-11-01,2637.3,2637.3,2637.3,2637.3,0
2013-11-03,2651.3,2651.3,2651.3,2651.3,0
2013-11-05,2651.1,2651.1,2651.1,2651.1,0
2013-11-06,2638.9,2638.9,2638.9,2638.9,0
2013-11-07,2617.8,2617.8,2617.8,2617.8,0
2013-11-08,2608.1,2608.1,2608.1,2608.1,0
2013-11-11,2585.19,2585.19,2585.19,2585.19,0
2013-11-12,2561.9,2561.9,2561.9,2561.9,0
2013-11-13,2548.9,2548.9,2548.9,2548.9,0
2013-11-14,2576.6,2576.6,2576.6,2576.6,0
2013-11-18,2617.9,2617.9,2617.9,2617.9,0
2013-11-19,2624.5,2624.5,2624.5,2624.5,0
2013-11-20,2603.5,2603.5,2603.5,2603.5,0
2013-11-21,2561.6,2561.6,2561.6,2561.6,0
2013-11-22,2561.9,2561.9,2561.9,2561.9,0
2013-11-25,2601.0,2601.0,2601.0,2601.0,0
2013-11-26,2583.8,2583.8,2583.8,2583.8,0
2013-11-27,2586.5,2586.5,2586.5,2586.5,0
2013-11-28,2605.69,2605.69,2605.69,2605.69,0
2013-11-29,2635.0,2635.0,2635.0,2635.0,0
2013-12-02,2654.3,2654.3,2654.3,2654.3,0
2013-12-03,2655.0,2655.0,2655.0,2655.0,0
2013-12-04,2635.6,2635.6,2635.6,2635.6,0
2013-12-05,2656.6,2656.6,2656.6,2656.6,0
2013-12-06,2668.4,2668.4,2668.4,2668.4,0
2013-12-09,2698.3,2698.3,2698.3,2698.3,0
2013-12-10,2686.7,2686.7,2686.7,2686.7,0
2013-12-11,2678.6,2678.6,2678.6,2678.6,0
2013-12-12,2660.5,2660.5,2660.5,2660.5,0
2013-12-13,2628.6,2628.6,2628.6,2628.6,0
2013-12-16,2630.5,2630.5,2630.5,2630.5,0
2013-12-17,2626.6,2626.6,2626.6,2626.6,0
2013-12-18,2661.3,2661.3,2661.3,2661.3,0
2013-12-19,2647.4,2647.4,2647.4,2647.4,0
2013-12-20,2691.9,2691.9,2691.9,2691.9,0
2013-12-23,2708.5,2708.5,2708.5,2708.5,0
2013-12-24,2714.3,2714.3,2714.3,2714.3,0
2013-12-26,2720.9,2720.9,2720.9,2720.9,0
2013-12-27,2735.4,2735.4,2735.4,2735.4,0
2013-12-30,2728.8,2728.8,2728.8,2728.8,0
2013-12-31,2742.2,2742.2,2742.2,2742.2,0
2014-01-01,2749.7,2749.7,2749.7,2749.7,0
2014-01-02,2704.5,2704.5,2704.5,2704.5,0
2014-01-03,2709.6,2709.6,2709.6,2709.6,0
2014-01-06,2712.0,2712.0,2712.0,2712.0,0
2014-01-07,2698.2,2698.2,2698.2,2698.2,0
2014-01-08,2706.4,2706.4,2706.4,2706.4,0
2014-01-09,2695.5,2695.5,2695.5,2695.5,0
2014-01-10,2684.0,2684.0,2684.0,2684.0,0
2014-01-13,2703.1,2703.1,2703.1,2703.1,0
2014-01-14,2691.5,2691.5,2691.5,2691.5,0
2014-01-15,2712.9,2712.9,2712.9,2712.9,0
2014-01-16,2709.4,2709.4,2709.4,2709.4,0
2014-01-17,2680.7,2680.7,2680.7,2680.7,0
2014-01-20,2703.6,2703.6,2703.6,2703.6,0
2014-01-21,2707.4,2707.4,2707.4,2707.4,0
2014-01-22,2716.3,2716.3,2716.3,2716.3,0
2014-01-23,2711.4,2711.4,2711.4,2711.4,0
2014-01-24,2672.3,2672.3,2672.3,2672.3,0
2014-01-27,2605.8,2605.8,2605.8,2605.8,0
2014-01-28,2602.1,2602.1,2602.1,2602.1,0
2014-01-29,2602.69,2602.69,2602.69,2602.69,0
2014-01-30,2578.9,2578.9,2578.9,2578.9,0
2014-01-31,2609.69,2609.69,2609.69,2609.69,0
2014-02-03,2579.6,2579.6,2579.6,2579.6,0
2014-02-04,2584.1,2584.1,2584.1,2584.1,0
2014-02-05,2594.69,2594.69,2594.69,2594.69,0
2014-02-06,2598.19,2598.19,2598.19,2598.19,0
2014-02-07,2613.0,2613.0,2613.0,2613.0,0
2014-02-10,2609.3,2609.3,2609.3,2609.3,0
2014-02-11,2614.69,2614.69,2614.69,2614.69,0
2014-02-12,2620.6,2620.6,2620.6,2620.6,0
2014-02-13,2589.9,2589.9,2589.9,2589.9,0
2014-02-14,2599.19,2599.19,2599.19,2599.19,0
2014-02-17,2601.19,2601.19,2601.19,2601.19,0
2014-02-18,2620.8,2620.8,2620.8,2620.8,0
2014-02-19,2631.6,2631.6,2631.6,2631.6,0
2014-02-20,2618.0,2618.0,2618.0,2618.0,0
2014-02-21,2641.2,2641.2,2641.2,2641.2,0
2014-02-24,2652.0,2652.0,2652.0,2652.0,0
2014-02-25,2658.3,2658.3,2658.3,2658.3,0
2014-02-26,2667.5,2667.5,2667.5,2667.5,0
2014-02-28,2684.6,2684.6,2684.6,2684.6,0
2014-03-03,2668.7,2668.7,2668.7,2668.7,0
2014-03-04,2699.4,2699.4,2699.4,2699.4,0
2014-03-05,2719.1,2719.1,2719.1,2719.1,0
2014-03-06,2752.6,2752.6,2752.6,2752.6,0
2014-03-07,2776.9,2776.9,2776.9,2776.9,0
2014-03-10,2785.8,2785.8,2785.8,2785.8,0
2014-03-11,2776.9,2776.9,2776.9,2776.9,0
2014-03-12,2777.4,2777.4,2777.4,2777.4,0
2014-03-13,2763.7,2763.7,2763.7,2763.7,0
2014-03-14,2762.5,2762.5,2762.5,2762.5,0
2014-03-18,2780.6,2780.6,2780.6,2780.6,0
2014-03-19,2785.4,2785.4,2785.4,2785.4,0
2014-03-20,2769.5,2769.5,2769.5,2769.5,0
2014-03-21,2784.6,2784.6,2784.6,2784.6,0
2014-03-22,2790.5,2790.5,2790.5,2790.5,0
2014-03-24,2812.2,2812.2,2812.2,2812.2,0
2014-03-25,2823.7,2823.7,2823.7,2823.7,0
2014-03-26,2835.0,2835.0,2835.0,2835.0,0
2014-03-27,2851.4,2851.4,2851.4,2851.4,0
2014-03-28,2889.7,2889.7,2889.7,2889.7,0
2014-03-31,2910.6,2910.6,2910.6,2910.6,0
2014-04-01,2910.5,2910.5,2910.5,2910.5,0
2014-04-02,2942.6,2942.6,2942.6,2942.6,0
2014-04-03,2930.8,2930.8,2930.8,2930.8,0
2014-04-04,2927.4,2927.4,2927.4,2927.4,0
2014-04-07,2919.9,2919.9,2919.9,2919.9,0
2014-04-09,2967.7,2967.7,2967.7,2967.7,0
2014-04-10,2981.2,2981.2,2981.2,2981.2,0
2014-04-11,2980.1,2980.1,2980.1,2980.1,0
2014-04-15,2961.4,2961.4,2961.4,2961.4,0
2014-04-16,2933.3,2933.3,2933.3,2933.3,0
2014-04-17,2979.7,2979.7,2979.7,2979.7,0
2014-04-21,3000.1,3000.1,3000.1,3000.1,0
2014-04-22,2997.6,2997.6,2997.6,2997.6,0
2014-04-23,3004.0,3004.0,3004.0,3004.0,0
2014-04-25,2987.9,2987.9,2987.9,2987.9,0
2014-04-28,2998.8,2998.8,2998.8,2998.8,0
2014-04-29,2980.7,2980.7,2980.7,2980.7,0
2014-04-30,2957.2,2957.2,2957.2,2957.2,0
2014-05-02,2963.9,2963.9,2963.9,2963.9,0
2014-05-05,2962.3,2962.3,2962.3,2962.3,0
2014-05-06,2969.2,2969.2,2969.2,2969.2,0
2014-05-07,2954.0,2954.0,2954.0,2954.0,0
2014-05-08,2951.4,2951.4,2951.4,2951.4,0
2014-05-09,3018.5,3018.5,3018.5,3018.5,0
2014-05-12,3063.3,3063.3,3063.3,3063.3,0
2014-05-13,3109.5,3109.5,3109.5,3109.5,0
2014-05-14,3133.0,3133.0,3133.0,3133.0,0
2014-05-15,3121.3,3121.3,3121.3,3121.3,0
2014-05-16,3169.8,3169.8,3169.8,3169.8,0
2014-05-19,3260.6,3260.6,3260.6,3260.6,0
2014-05-20,3287.9,3287.9,3287.9,3287.9,0
2014-05-21,3303.7,3303.7,3303.7,3303.7,0
2014-05-22,3346.6,3346.6,3346.6,3346.6,0
2014-05-23,3397.8,3397.8,3397.8,3397.8,0
2014-05-26,3357.1,3357.1,3357.1,3357.1,0
2014-05-27,3334.6,3334.6,3334.6,3334.6,0
2014-05-28,3344.1,3344.1,3344.1,3344.1,0
2014-05-29,3318.2,3318.2,3318.2,3318.2,0
2014-05-30,3328.7,3328.7,3328.7,3328.7,0
2014-06-02,3395.9,3395.9,3395.9,3395.9,0
2014-06-03,3417.4,3417.4,3417.4,3417.4,0
2014-06-04,3447.2,3447.2,3447.2,3447.2,0
2014-06-05,3486.4,3486.4,3486.4,3486.4,0
2014-06-06,3543.4,3543.4,3543.4,3543.4,0
2014-06-09,3582.7,3582.7,3582.7,3582.7,0
2014-06-10,3577.8,3577.8,3577.8,3577.8,0
2014-06-11,3548.3,3548.3,3548.3,3548.3,0
2014-06-12,3560.5,3560.5,3560.5,3560.5,0
2014-06-13,3487.3,3487.3,3487.3,3487.3,0
2014-06-16,3490.4,3490.4,3490.4,3490.4,0
2014-06-17,3539.1,3539.1,3539.1,3539.1,0
2014-06-18,3509.4,3509.4,3509.4,3509.4,0
2014-06-19,3494.3,3494.3,3494.3,3494.3,0
2014-06-20,3478.6,3478.6,3478.6,3478.6,0
2014-06-23,3488.9,3488.9,3488.9,3488.9,0
2014-06-24,3537.4,3537.4,3537.4,3537.4,0
2014-06-25,3547.0,3547.0,3547.0,3547.0,0
2014-06-26,3524.3,3524.3,3524.3,3524.3,0
2014-06-27,3536.6,3536.6,3536.6,3536.6,0
2014-06-30,3595.7,3595.7,3595.7,3595.7,0
2014-07-01,3611.4,3611.4,3611.4,3611.4,0
2014-07-02,3650.0,3650.0,3650.0,3650.0,0
2014-07-03,3646.4,3646.4,3646.4,3646.4,0
2014-07-04,3665.1,3665.1,3665.1,3665.1,0
2014-07-07,3677.4,3677.4,3677.4,3677.4,0
2014-07-08,3562.0,3562.0,3562.0,3562.0,0
2014-07-09,3523.6,3523.6,3523.6,3523.6,0
2014-07-10,3530.6,3530.6,3530.6,3530.6,0
2014-07-11,3452.4,3452.4,3452.4,3452.4,0
2014-07-14,3451.5,3451.5,3451.5,3451.5,0
2014-07-15,3505.9,3505.9,3505.9,3505.9,0
2014-07-16,3551.4,3551.4,3551.4,3551.4,0
2014-07-17,3581.2,3581.2,3581.2,3581.2,0
2014-07-18,3575.0,3575.0,3575.0,3575.0,0
2014-07-21,3584.1,3584.1,3584.1,3584.1,0
2014-07-22,3602.4,3602.4,3602.4,3602.4,0
2014-07-23,3609.1,3609.1,3609.1,3609.1,0
2014-07-24,3612.8,3612.8,3612.8,3612.8,0
2014-07-25,3578.7,3578.7,3578.7,3578.7,0
2014-07-28,3562.5,3562.5,3562.5,3562.5,0
2014-07-30,3580.9,3580.9,3580.9,3580.9,0
2014-07-31,3570.1,3570.1,3570.1,3570.1,0
2014-08-01,3531.1,3531.1,3531.1,3531.1,0
2014-08-04,3566.5,3566.5,3566.5,3566.5,0
2014-08-05,3594.4,3594.4,3594.4,3594.4,0
2014-08-06,3564.7,3564.7,3564.7,3564.7,0
2014-08-07,3548.9,3548.9,3548.9,3548.9,0
2014-08-08,3491.7,3491.7,3491.7,3491.7,0
2014-08-11,3516.6,3516.6,3516.6,3516.6,0
2014-08-12,3550.1,3550.1,3550.1,3550.1,0
2014-08-13,3526.1,3526.1,3526.1,3526.1,0
2014-08-14,3556.8,3556.8,3556.8,3556.8,0
2014-08-18,3607.8,3607.8,3607.8,3607.8,0
2014-08-19,3633.8,3633.8,3633.8,3633.8,0
2014-08-20,3633.2,3633.2,3633.2,3633.2,0
2014-08-21,3647.0,3647.0,3647.0,3647.0,0
2014-08-22,3654.6,3654.6,3654.6,3654.6,0
2014-08-25,3637.3,3637.3,3637.3,3637.3,0
2014-08-26,3636.4,3636.4,3636.4,3636.4,0
2014-08-27,3655.3,3655.3,3655.3,3655.3,0
2014-08-28,3653.2,3653.2,3653.2,3653.2,0
2014-09-01,3706.2,3706.2,3706.2,3706.2,0
2014-09-02,3731.6,3731.6,3731.6,3731.6,0
2014-09-03,3759.4,3759.4,3759.4,3759.4,0
2014-09-04,3756.7,3756.7,3756.7,3756.7,0
2014-09-05,3763.2,3763.2,3763.2,3763.2,0
2014-09-08,3808.9,3808.9,3808.9,3808.9,0
2014-09-09,3815.9,3815.9,3815.9,3815.9,0
2014-09-10,3803.1,3803.1,3803.1,3803.1,0
2014-09-11,3824.6,3824.6,3824.6,3824.6,0
2014-09-12,3833.8,3833.8,3833.8,3833.8,0
2014-09-15,3828.2,3828.2,3828.2,3828.2,0
2014-09-16,3730.2,3730.2,3730.2,3730.2,0
2014-09-17,3748.3,3748.3,3748.3,3748.3,0
2014-09-18,3812.8,3812.8,3812.8,3812.8,0
2014-09-19,3813.9,3813.9,3813.9,3813.9,0
2014-09-22,3816.8,3816.8,3816.8,3816.8,0
2014-09-23,3753.6,3753.6,3753.6,3753.6,0
2014-09-24,3729.5,3729.5,3729.5,3729.5,0
2014-09-25,3668.0,3668.0,3668.0,3668.0,0
2014-09-26,3699.8,3699.8,3699.8,3699.8,0
2014-09-29,3714.3,3714.3,3714.3,3714.3,0
2014-09-30,3719.9,3719.9,3719.9,3719.9,0
2014-10-01,3712.1,3712.1,3712.1,3712.1,0
2014-10-07,3672.5,3672.5,3672.5,3672.5,0
2014-10-08,3667.6,3667.6,3667.6,3667.6,0
2014-10-09,3728.6,3728.6,3728.6,3728.6,0
2014-10-10,3676.0,3676.0,3676.0,3676.0,0
2014-10-13,3691.8,3691.8,3691.8,3691.8,0
2014-10-14,3684.6,3684.6,3684.6,3684.6,0
2014-10-16,3611.0,3611.0,3611.0,3611.0,0
2014-10-17,3625.6,3625.6,3625.6,3625.6,0
2014-10-20,3670.4,3670.4,3670.4,3670.4,0
2014-10-21,3697.7,3697.7,3697.7,3697.7,0
2014-10-22,3733.3,3733.3,3733.3,3733.3,0
2014-10-23,3757.3,3757.3,3757.3,3757.3,0
2014-10-27,3738.8,3738.8,3738.8,3738.8,0
2014-10-28,3751.9,3751.9,3751.9,3751.9,0
2014-10-29,3776.1,3776.1,3776.1,3776.1,0
2014-10-30,3805.4,3805.4,3805.4,3805.4,0
2014-10-31,3864.8,3864.8,3864.8,3864.8,0
2014-11-03,3882.9,3882.9,3882.9,3882.9,0
2014-11-05,3892.9,3892.9,3892.9,3892.9,0
2014-11-07,3899.4,3899.4,3899.4,3899.4,0
2014-11-10,3904.9,3904.9,3904.9,3904.9,0
2014-11-11,3924.5,3924.5,3924.5,3924.5,0
2014-11-12,3943.8,3943.8,3943.8,3943.8,0
2014-11-13,3925.7,3925.7,3925.7,3925.7,0
2014-11-14,3948.4,3948.4,3948.4,3948.4,0
2014-11-17,3975.1,3975.1,3975.1,3975.1,0
2014-11-18,3983.7,3983.7,3983.7,3983.7,0
2014-11-19,3957.1,3957.1,3957.1,3957.1,0
2014-11-20,3957.8,3957.8,3957.8,3957.8,0
2014-11-21,3973.2,3973.2,3973.2,3973.2,0
2014-11-24,3989.5,3989.5,3989.5,3989.5,0
2014-11-25,3945.4,3945.4,3945.4,3945.4,0
2014-11-26,3959.5,3959.5,3959.5,3959.5,0
2014-11-27,3979.6,3979.6,3979.6,3979.6,0
2014-11-28,4027.8,4027.8,4027.8,4027.8,0
2014-12-01,4023.4,4023.4,4023.4,4023.4,0
2014-12-02,4038.2,4038.2,4038.2,4038.2,0
2014-12-03,4077.8,4077.8,4077.8,4077.8,0
2014-12-04,4092.3,4092.3,4092.3,4092.3,0
2014-12-05,4077.2,4077.2,4077.2,4077.2,0
2014-12-08,4031.6,4031.6,4031.6,4031.6,0
2014-12-09,3973.7,3973.7,3973.7,3973.7,0
2014-12-10,3997.2,3997.2,3997.2,3997.2,0
2014-12-11,3967.2,3967.2,3967.2,3967.2,0
2014-12-12,3929.0,3929.0,3929.0,3929.0,0
2014-12-15,3914.0,3914.0,3914.0,3914.0,0
2014-12-16,3823.5,3823.5,3823.5,3823.5,0
2014-12-17,3805.8,3805.8,3805.8,3805.8,0
2014-12-18,3892.4,3892.4,3892.4,3892.4,0
2014-12-19,3913.9,3913.9,3913.9,3913.9,0
2014-12-22,3956.3,3956.3,3956.3,3956.3,0
2014-12-23,3937.1,3937.1,3937.1,3937.1,0
2014-12-24,3917.5,3917.5,3917.5,3917.5,0
2014-12-26,3933.2,3933.2,3933.2,3933.2,0
2014-12-29,3966.2,3966.2,3966.2,3966.2,0
2014-12-30,3979.2,3979.2,3979.2,3979.2,0
2014-12-31,4008.5,4008.5,4008.5,4008.5,0
2015-01-01,4018.0,4018.0,4018.0,4018.0,0
2015-01-02,4060.4,4060.4,4060.4,4060.4,0
2015-01-05,4057.6,4057.6,4057.6,4057.6,0
2015-01-06,3944.7,3944.7,3944.7,3944.7,0
2015-01-07,3945.9,3945.9,3945.9,3945.9,0
2015-01-08,4013.5,4013.5,4013.5,4013.5,0
2015-01-09,4025.5,4025.5,4025.5,4025.5,0
2015-01-12,4045.2,4045.2,4045.2,4045.2,0
2015-01-13,4041.1,4041.1,4041.1,4041.1,0
2015-01-14,4034.3,4034.3,4034.3,4034.3,0
2015-01-15,4105.7,4105.7,4105.7,4105.7,0
2015-01-16,4123.2,4123.2,4123.2,4123.2,0
2015-01-19,4138.89,4138.89,4138.89,4138.89,0
2015-01-20,4175.8,4175.8,4175.8,4175.8,0
2015-01-21,4184.0,4184.0,4184.0,4184.0,0
2015-01-22,4193.5,4193.5,4193.5,4193.5,0
2015-01-23,4214.7,4214.7,4214.7,4214.7,0
2015-01-27,4252.39,4252.39,4252.39,4252.39,0
2015-01-28,4266.6,4266.6,4266.6,4266.6,0
2015-01-29,4263.0,4263.0,4263.0,4263.0,0
2015-01-30,4222.3,4222.3,4222.3,4222.3,0
2015-02-02,4232.0,4232.0,4232.0,4232.0,0
2015-02-03,4215.89,4215.89,4215.89,4215.89,0
2015-02-04,4200.7,4200.7,4200.7,4200.7,0
2015-02-05,4168.0,4168.0,4168.0,4168.0,0
2015-02-06,4137.7,4137.7,4137.7,4137.7,0
2015-02-09,4077.1,4077.1,4077.1,4077.1,0
2015-02-10,4099.8,4099.8,4099.8,4099.8,0
2015-02-11,4154.1,4154.1,4154.1,4154.1,0
2015-02-12,4200.7,4200.7,4200.7,4200.7,0
2015-02-13,4241.6,4241.6,4241.6,4241.6,0
2015-02-16,4236.89,4236.89,4236.89,4236.89,0
2015-02-18,4273.2,4273.2,4273.2,4273.2,0
2015-02-19,4279.6,4279.6,4279.6,4279.6,0
2015-02-20,4268.6,4268.6,4268.6,4268.6,0
2015-02-23,4232.89,4232.89,4232.89,4232.89,0
2015-02-24,4230.39,4230.39,4230.39,4230.39,0
2015-02-25,4224.0,4224.0,4224.0,4224.0,0
2015-02-26,4184.0,4184.0,4184.0,4184.0,0
2015-02-27,4263.3,4263.3,4263.3,4263.3,0
2015-02-28,4273.5,4273.5,4273.5,4273.5,0
2015-03-02,4316.2,4316.2,4316.2,4316.2,0
2015-03-03,4351.8,4351.8,4351.8,4351.8,0
2015-03-04,4310.89,4310.89,4310.89,4310.89,0
2015-03-05,4334.0,4334.0,4334.0,4334.0,0
2015-03-09,4263.3,4263.3,4263.3,4263.3,0
2015-03-10,4246.5,4246.5,4246.5,4246.5,0
2015-03-11,4233.7,4233.7,4233.7,4233.7,0
2015-03-12,4282.2,4282.2,4282.2,4282.2,0
2015-03-13,4221.1,4221.1,4221.1,4221.1,0
2015-03-16,4208.3,4208.3,4208.3,4208.3,0
2015-03-17,4251.1,4251.1,4251.1,4251.1,0
2015-03-18,4247.3,4247.3,4247.3,4247.3,0
2015-03-19,4225.2,4225.2,4225.2,4225.2,0
2015-03-20,4180.3,4180.3,4180.3,4180.3,0
2015-03-23,4158.8,4158.8,4158.8,4158.8,0
2015-03-24,4148.5,4148.5,4148.5,4148.5,0
2015-03-25,4139.1,4139.1,4139.1,4139.1,0
2015-03-26,4081.8,4081.8,4081.8,4081.8,0
2015-03-27,4083.1,4083.1,4083.1,4083.1,0
2015-03-30,4150.5,4150.5,4150.5,4150.5,0
2015-03-31,4156.3,4156.3,4156.3,4156.3,0
2015-04-01,4204.39,4204.39,4204.39,4204.39,0
2015-04-06,4240.6,4240.6,4240.6,4240.6,0
2015-04-07,4255.39,4255.39,4255.39,4255.39,0
2015-04-08,4280.89,4280.89,4280.89,4280.89,0
2015-04-09,4301.8,4301.8,4301.8,4301.8,0
2015-04-10,4315.7,4315.7,4315.7,4315.7,0
2015-04-13,4333.1,4333.1,4333.1,4333.1,0
2015-04-15,4299.1,4299.1,4299.1,4299.1,0
2015-04-16,4273.0,4273.0,4273.0,4273.0,0
2015-04-17,4214.3,4214.3,4214.3,4214.3,0
2015-04-20,4129.1,4129.1,4129.1,4129.1,0
2015-04-21,4106.6,4106.6,4106.6,4106.6,0
2015-04-22,4117.8,4117.8,4117.8,4117.8,0
2015-04-23,4108.8,4108.8,4108.8,4108.8,0
2015-04-24,4040.7,4040.7,4040.7,4040.7,0
2015-04-27,3965.6,3965.6,3965.6,3965.6,0
2015-04-28,4012.8,4012.8,4012.8,4012.8,0
2015-04-29,4023.6,4023.6,4023.6,4023.6,0
2015-04-30,4012.9,4012.9,4012.9,4012.9,0
2015-05-04,4085.3,4085.3,4085.3,4085.3,0
2015-05-05,4084.3,4084.3,4084.3,4084.3,0
2015-05-06,3964.7,3964.7,3964.7,3964.7,0
2015-05-07,3920.9,3920.9,3920.9,3920.9,0
2015-05-08,3988.4,3988.4,3988.4,3988.4,0
2015-05-11,4049.1,4049.1,4049.1,4049.1,0
2015-05-12,3970.1,3970.1,3970.1,3970.1,0
2015-05-13,4016.4,4016.4,4016.4,4016.4,0
2015-05-14,4042.3,4042.3,4042.3,4042.3,0
2015-05-15,4063.1,4063.1,4063.1,4063.1,0
2015-05-18,4104.89,4104.89,4104.89,4104.89,0
2015-05-19,4107.0,4107.0,4107.0,4107.0,0
2015-05-20,4125.1,4125.1,4125.1,4125.1,0
2015-05-21,4125.8,4125.8,4125.8,4125.8,0
2015-05-22,4137.5,4137.5,4137.5,4137.5,0
2015-05-25,4118.1,4118.1,4118.1,4118.1,0
2015-05-26,4112.0,4112.0,4112.0,4112.0,0
2015-05-27,4115.5,4115.5,4115.5,4115.5,0
2015-05-28,4105.0,4105.0,4105.0,4105.0,0
2015-05-29,4155.6,4155.6,4155.6,4155.6,0
2015-06-01,4158.3,4158.3,4158.3,4158.3,0
2015-06-02,4061.9,4061.9,4061.9,4061.9,0
2015-06-03,4006.1,4006.1,4006.1,4006.1,0
2015-06-04,4009.5,4009.5,4009.5,4009.5,0
2015-06-05,4005.8,4005.8,4005.8,4005.8,0
2015-06-08,3955.5,3955.5,3955.5,3955.5,0
2015-06-09,3947.3,3947.3,3947.3,3947.3,0
2015-06-10,3990.5,3990.5,3990.5,3990.5,0
2015-06-11,3923.2,3923.2,3923.2,3923.2,0
2015-06-12,3924.3,3924.3,3924.3,3924.3,0
2015-06-15,3933.1,3933.1,3933.1,3933.1,0
2015-06-16,3948.3,3948.3,3948.3,3948.3,0
2015-06-17,3990.0,3990.0,3990.0,3990.0,0
2015-06-18,4031.2,4031.2,4031.2,4031.2,0
2015-06-19,4049.8,4049.8,4049.8,4049.8,0
2015-06-22,4112.0,4112.0,4112.0,4112.0,0
2015-06-23,4127.7,4127.7,4127.7,4127.7,0
2015-06-24,4106.39,4106.39,4106.39,4106.39,0
2015-06-25,4127.39,4127.39,4127.39,4127.39,0
2015-06-26,4124.2,4124.2,4124.2,4124.2,0
2015-06-29,4077.0,4077.0,4077.0,4077.0,0
2015-06-30,4111.6,4111.6,4111.6,4111.6,0
2015-07-01,4161.6,4161.6,4161.6,4161.6,0
2015-07-02,4177.0,4177.0,4177.0,4177.0,0
2015-07-03,4182.1,4182.1,4182.1,4182.1,0
2015-07-06,4210.39,4210.39,4210.39,4210.39,0
2015-07-07,4224.39,4224.39,4224.39,4224.39,0
2015-07-08,4158.8,4158.8,4158.8,4158.8,0
2015-07-09,4140.3,4140.3,4140.3,4140.3,0
2015-07-10,4148.8,4148.8,4148.8,4148.8,0
2015-07-13,4194.89,4194.89,4194.89,4194.89,0
2015-07-14,4202.39,4202.39,4202.39,4202.39,0
2015-07-15,4222.89,4222.89,4222.89,4222.89,0
2015-07-16,4266.5,4266.5,4266.5,4266.5,0
2015-07-17,4278.0,4278.0,4278.0,4278.0,0
2015-07-20,4284.3,4284.3,4284.3,4284.3,0
2015-07-21,4232.0,4232.0,4232.0,4232.0,0
2015-07-22,4276.89,4276.89,4276.89,4276.89,0
2015-07-23,4271.89,4271.89,4271.89,4271.89,0
2015-07-24,4243.1,4243.1,4243.1,4243.1,0
2015-07-27,4184.6,4184.6,4184.6,4184.6,0
2015-07-28,4169.6,4169.6,4169.6,4169.6,0
2015-07-29,4192.6,4192.6,4192.6,4192.6,0
2015-07-30,4218.89,4218.89,4218.89,4218.89,0
2015-07-31,4270.0,4270.0,4270.0,4270.0,0
2015-08-03,4292.8,4292.8,4292.8,4292.8,0
2015-08-04,4310.7,4310.7,4310.7,4310.7,0
2015-08-05,4342.39,4342.39,4342.39,4342.39,0
2015-08-06,4351.1,4351.1,4351.1,4351.1,0
2015-08-07,4342.3,4342.3,4342.3,4342.3,0
2015-08-10,4329.6,4329.6,4329.6,4329.6,0
2015-08-11,4295.2,4295.2,4295.2,4295.2,0
2015-08-12,4218.89,4218.89,4218.89,4218.89,0
2015-08-13,4212.39,4212.39,4212.39,4212.39,0
2015-08-14,4291.1,4291.1,4291.1,4291.1,0
2015-08-17,4292.39,4292.39,4292.39,4292.39,0
2015-08-18,4304.1,4304.1,4304.1,4304.1,0
2015-08-19,4312.89,4312.89,4312.89,4312.89,0
2015-08-20,4241.39,4241.39,4241.39,4241.39,0
2015-08-21,4209.2,4209.2,4209.2,4209.2,0
2015-08-24,3898.6,3898.6,3898.6,3898.6,0
2015-08-25,3954.4,3954.4,3954.4,3954.4,0
2015-08-26,3931.7,3931.7,3931.7,3931.7,0
2015-08-27,4019.3,4019.3,4019.3,4019.3,0
2015-08-28,4035.6,4035.6,4035.6,4035.6,0
2015-08-31,4021.5,4021.5,4021.5,4021.5,0
2015-09-01,3941.0,3941.0,3941.0,3941.0,0
2015-09-02,3922.1,3922.1,3922.1,3922.1,0
2015-09-03,3968.1,3968.1,3968.1,3968.1,0
2015-09-04,3887.9,3887.9,3887.9,3887.9,0
2015-09-07,3828.2,3828.2,3828.2,3828.2,0
2015-09-08,3866.2,3866.2,3866.2,3866.2,0
2015-09-09,3934.6,3934.6,3934.6,3934.6,0
2015-09-10,3920.7,3920.7,3920.7,3920.7,0
2015-09-11,3929.0,3929.0,3929.0,3929.0,0
2015-09-14,3972.6,3972.6,3972.6,3972.6,0
2015-09-15,3947.3,3947.3,3947.3,3947.3,0
2015-09-16,3947.3,3947.3,3947.3,3947.3,0
2015-09-18,3984.5,3984.5,3984.5,3984.5,0
2015-09-21,4003.0,4003.0,4003.0,4003.0,0
2015-09-22,3944.1,3944.1,3944.1,3944.1,0
2015-09-23,3965.5,3965.5,3965.5,3965.5,0
2015-09-24,3980.8,3980.8,3980.8,3980.8,0
2015-09-28,3959.9,3959.9,3959.9,3959.9,0
2015-09-29,3966.4,3966.4,3966.4,3966.4,0
2015-09-30,4019.3,4019.3,4019.3,4019.3,0
2015-10-01,4022.9,4022.9,4022.9,4022.9,0
2015-10-05,4096.0,4096.0,4096.0,4096.0,0
2015-10-06,4117.0,4117.0,4117.0,4117.0,0
2015-10-07,4129.3,4129.3,4129.3,4129.3,0
2015-10-08,4106.6,4106.6,4106.6,4106.6,0
2015-10-09,4121.3,4121.3,4121.3,4121.3,0
2015-10-12,4112.89,4112.89,4112.89,4112.89,0
2015-10-13,4110.89,4110.89,4110.89,4110.89,0
2015-10-14,4110.89,4110.89,4110.89,4110.89,0
2015-10-15,4137.2,4137.2,4137.2,4137.2,0
2015-10-16,4152.3,4152.3,4152.3,4152.3,0
2015-10-19,4175.8,4175.8,4175.8,4175.8,0
2015-10-20,4182.6,4182.6,4182.6,4182.6,0
2015-10-21,4171.39,4171.39,4171.39,4171.39,0
2015-10-23,4176.0,4176.0,4176.0,4176.0,0
2015-10-26,4159.5,4159.5,4159.5,4159.5,0
2015-10-27,4156.89,4156.89,4156.89,4156.89,0
2015-10-28,4135.1,4135.1,4135.1,4135.1,0
2015-10-29,4116.8,4116.8,4116.8,4116.8,0
2015-10-30,4097.5,4097.5,4097.5,4097.5,0
2015-11-02,4088.8,4088.8,4088.8,4088.8,0
2015-11-03,4094.4,4094.4,4094.4,4094.4,0
2015-11-04,4086.6,4086.6,4086.6,4086.6,0
2015-11-05,4034.9,4034.9,4034.9,4034.9,0
2015-11-06,4022.3,4022.3,4022.3,4022.3,0
2015-11-09,4029.2,4029.2,4029.2,4029.2,0
2015-11-10,3975.4,3975.4,3975.4,3975.4,0
2015-11-11,4009.8,4009.8,4009.8,4009.8,0
2015-11-13,3975.8,3975.8,3975.8,3975.8,0
2015-11-16,3991.7,3991.7,3991.7,3991.7,0
2015-11-17,4011.0,4011.0,4011.0,4011.0,0
2015-11-18,3974.6,3974.6,3974.6,3974.6,0
2015-11-19,4025.8,4025.8,4025.8,4025.8,0
2015-11-20,4043.8,4043.8,4043.8,4043.8,0
2015-11-23,4046.4,4046.4,4046.4,4046.4,0
2015-11-24,4043.9,4043.9,4043.9,4043.9,0
2015-11-26,4064.0,4064.0,4064.0,4064.0,0
2015-11-27,4091.0,4091.0,4091.0,4091.0,0
2015-11-30,4095.7,4095.7,4095.7,4095.7,0
2015-12-01,4110.5,4110.5,4110.5,4110.5,0
2015-12-02,4104.8,4104.8,4104.8,4104.8,0
2015-12-03,4077.2,4077.2,4077.2,4077.2,0
2015-12-04,4044.0,4044.0,4044.0,4044.0,0
2015-12-07,4040.8,4040.8,4040.8,4040.8,0
2015-12-08,3999.0,3999.0,3999.0,3999.0,0
2015-12-09,3941.6,3941.6,3941.6,3941.6,0
2015-12-10,3974.3,3974.3,3974.3,3974.3,0
2015-12-11,3937.3,3937.3,3937.3,3937.3,0
2015-12-14,3949.4,3949.4,3949.4,3949.4,0
2015-12-15,3975.4,3975.4,3975.4,3975.4,0
2015-12-16,3990.7,3990.7,3990.7,3990.7,0
2015-12-17,4048.3,4048.3,4048.3,4048.3,0
2015-12-18,4026.0,4026.0,4026.0,4026.0,0
2015-12-21,4056.2,4056.2,4056.2,4056.2,0
2015-12-22,4038.2,4038.2,4038.2,4038.2,0
2015-12-23,4065.5,4065.5,4065.5,4065.5,0
2015-12-24,4075.2,4075.2,4075.2,4075.2,0
2015-12-28,4099.7,4099.7,4099.7,4099.7,0
2015-12-29,4103.6,4103.6,4103.6,4103.6,0
2015-12-30,4098.0,4098.0,4098.0,4098.0,0
2015-12-31,4120.89,4120.89,4120.89,4120.89,0
2016-01-01,4148.0,4148.0,4148.0,4148.0,0
2016-01-04,4086.1,4086.1,4086.1,4086.1,0
2016-01-05,4099.2,4099.2,4099.2,4099.2,0
2016-01-06,4082.6,4082.6,4082.6,4082.6,0
2016-01-07,3983.1,3983.1,3983.1,3983.1,0
2016-01-08,4016.6,4016.6,4016.6,4016.6,0
2016-01-11,3993.3,3993.3,3993.3,3993.3,0
2016-01-12,3960.4,3960.4,3960.4,3960.4,0
2016-01-13,3951.2,3951.2,3951.2,3951.2,0
2016-01-14,3916.1,3916.1,3916.1,3916.1,0
2016-01-15,3829.8,3829.8,3829.8,3829.8,0
2016-01-18,3742.2,3742.2,3742.2,3742.2,0
2016-01-19,3792.9,3792.9,3792.9,3792.9,0
2016-01-20,3723.6,3723.6,3723.6,3723.6,0
2016-01-21,3719.1,3719.1,3719.1,3719.1,0
2016-01-22,3794.7,3794.7,3794.7,3794.7,0
2016-01-25,3808.5,3808.5,3808.5,3808.5,0
2016-01-27,3817.7,3817.7,3817.7,3817.7,0
2016-01-28,3809.5,3809.5,3809.5,3809.5,0
2016-01-29,3868.1,3868.1,3868.1,3868.1,0
2016-02-01,3870.4,3870.4,3870.4,3870.4,0
2016-02-02,3822.2,3822.2,3822.2,3822.2,0
2016-02-03,3759.7,3759.7,3759.7,3759.7,0
2016-02-04,3760.8,3760.8,3760.8,3760.8,0
2016-02-05,3815.0,3815.0,3815.0,3815.0,0
2016-02-08,3790.8,3790.8,3790.8,3790.8,0
2016-02-09,3739.3,3739.3,3739.3,3739.3,0
2016-02-10,3695.7,3695.7,3695.7,3695.7,0
2016-02-11,3560.3,3560.3,3560.3,3560.3,0
2016-02-12,3545.0,3545.0,3545.0,3545.0,0
2016-02-15,3652.8,3652.8,3652.8,3652.8,0
2016-02-16,3580.1,3580.1,3580.1,3580.1,0
2016-02-17,3602.3,3602.3,3602.3,3602.3,0
2016-02-18,3632.3,3632.3,3632.3,3632.3,0
2016-02-19,3637.9,3637.9,3637.9,3637.9,0
2016-02-22,3651.0,3651.0,3651.0,3651.0,0
2016-02-23,3601.9,3601.9,3601.9,3601.9,0
2016-02-24,3565.1,3565.1,3565.1,3565.1,0
2016-02-25,3531.2,3531.2,3531.2,3531.2,0
2016-02-26,3542.6,3542.6,3542.6,3542.6,0
2016-02-29,3535.0,3535.0,3535.0,3535.0,0
2016-03-01,3642.5,3642.5,3642.5,3642.5,0
2016-03-02,3713.6,3713.6,3713.6,3713.6,0
2016-03-03,3760.5,3760.5,3760.5,3760.5,0
2016-03-04,3779.3,3779.3,3779.3,3779.3,0
2016-03-08,3781.7,3781.7,3781.7,3781.7,0
2016-03-09,3797.1,3797.1,3797.1,3797.1,0
2016-03-10,3782.2,3782.2,3782.2,3782.2,0
2016-03-11,3787.0,3787.0,3787.0,3787.0,0
2016-03-14,3803.1,3803.1,3803.1,3803.1,0
2016-03-15,3770.6,3770.6,3770.6,3770.6,0
2016-03-16,3771.4,3771.4,3771.4,3771.4,0
2016-03-17,3784.4,3784.4,3784.4,3784.4,0
2016-03-18,3823.5,3823.5,3823.5,3823.5,0
2016-03-21,3875.6,3875.6,3875.6,3875.6,0
2016-03-22,3884.5,3884.5,3884.5,3884.5,0
2016-03-23,3888.1,3888.1,3888.1,3888.1,0
2016-03-28,3834.1,3834.1,3834.1,3834.1,0
2016-03-29,3830.3,3830.3,3830.3,3830.3,0
2016-03-30,3897.7,3897.7,3897.7,3897.7,0
2016-03-31,3918.7,3918.7,3918.7,3918.7,0
2016-04-01,3923.3,3923.3,3923.3,3923.3,0
2016-04-04,3939.9,3939.9,3939.9,3939.9,0
2016-04-05,3871.1,3871.1,3871.1,3871.1,0
2016-04-06,3884.6,3884.6,3884.6,3884.6,0
2016-04-07,3858.2,3858.2,3858.2,3858.2,0
2016-04-08,3873.3,3873.3,3873.3,3873.3,0
2016-04-11,3917.9,3917.9,3917.9,3917.9,0
2016-04-12,3947.4,3947.4,3947.4,3947.4,0
2016-04-13,4005.8,4005.8,4005.8,4005.8,0
2016-04-18,4045.2,4045.2,4045.2,4045.2,0
2016-04-20,4056.9,4056.9,4056.9,4056.9,0
2016-04-21,4043.3,4043.3,4043.3,4043.3,0
2016-04-22,4040.6,4040.6,4040.6,4040.6,0
2016-04-25,4024.6,4024.6,4024.6,4024.6,0
2016-04-26,4066.7,4066.7,4066.7,4066.7,0
2016-04-27,4074.0,4074.0,4074.0,4074.0,0
2016-04-28,4016.7,4016.7,4016.7,4016.7,0
2016-04-29,4019.6,4019.6,4019.6,4019.6,0
2016-05-02,4023.0,4023.0,4023.0,4023.0,0
2016-05-03,3997.4,3997.4,3997.4,3997.4,0
2016-05-04,3965.6,3965.6,3965.6,3965.6,0
2016-05-05,3966.1,3966.1,3966.1,3966.1,0
2016-05-06,3969.7,3969.7,3969.7,3969.7,0
2016-05-09,4026.8,4026.8,4026.8,4026.8,0
2016-05-10,4033.1,4033.1,4033.1,4033.1,0
2016-05-11,4019.9,4019.9,4019.9,4019.9,0
2016-05-12,4048.2,4048.2,4048.2,4048.2,0
2016-05-13,4025.5,4025.5,4025.5,4025.5,0
2016-05-16,4036.6,4036.6,4036.6,4036.6,0
2016-05-17,4048.7,4048.7,4048.7,4048.7,0
2016-05-18,4048.5,4048.5,4048.5,4048.5,0
2016-05-19,3999.3,3999.3,3999.3,3999.3,0
2016-05-20,3980.2,3980.2,3980.2,3980.2,0
2016-05-23,3968.5,3968.5,3968.5,3968.5,0
2016-05-24,3966.6,3966.6,3966.6,3966.6,0
2016-05-25,4030.9,4030.9,4030.9,4030.9,0
2016-05-26,4083.5,4083.5,4083.5,4083.5,0
2016-05-27,4123.6,4123.6,4123.6,4123.6,0
2016-05-30,4142.2,4142.2,4142.2,4142.2,0
2016-05-31,4134.2,4134.2,4134.2,4134.2,0
2016-06-01,4133.1,4133.1,4133.1,4133.1,0
2016-06-02,4155.2,4155.2,4155.2,4155.2,0
2016-06-03,4144.5,4144.5,4144.5,4144.5,0
2016-06-06,4144.8,4144.8,4144.8,4144.8,0
2016-06-07,4176.8,4176.8,4176.8,4176.8,0
2016-06-08,4192.7,4192.7,4192.7,4192.7,0
2016-06-09,4172.6,4172.6,4172.6,4172.6,0
2016-06-10,4158.8,4158.8,4158.8,4158.8,0
2016-06-13,4129.89,4129.89,4129.89,4129.89,0
2016-06-14,4143.39,4143.39,4143.39,4143.39,0
2016-06-15,4178.5,4178.5,4178.5,4178.5,0
2016-06-16,4152.6,4152.6,4152.6,4152.6,0
2016-06-17,4165.1,4165.1,4165.1,4165.1,0
2016-06-20,4191.5,4191.5,4191.5,4191.5,0
2016-06-21,4194.0,4194.0,4194.0,4194.0,0
2016-06-22,4182.1,4182.1,4182.1,4182.1,0
2016-06-23,4198.3,4198.3,4198.3,4198.3,0
2016-06-24,4129.0,4129.0,4129.0,4129.0,0
2016-06-27,4153.0,4153.0,4153.0,4153.0,0
2016-06-28,4177.0,4177.0,4177.0,4177.0,0
2016-06-29,4220.3,4220.3,4220.3,4220.3,0
2016-06-30,4264.6,4264.6,4264.6,4264.6,0
2016-07-01,4296.6,4296.6,4296.6,4296.6,0
2016-07-04,4326.6,4326.6,4326.6,4326.6,0
2016-07-05,4316.8,4316.8,4316.8,4316.8,0
2016-07-07,4313.2,4313.2,4313.2,4313.2,0
2016-07-08,4305.6,4305.6,4305.6,4305.6,0
2016-07-11,4366.5,4366.5,4366.5,4366.5,0
2016-07-12,4386.0,4386.0,4386.0,4386.0,0
2016-07-13,4368.6,4368.6,4368.6,4368.6,0
2016-07-14,4390.7,4390.7,4390.7,4390.7,0
2016-07-15,4370.6,4370.6,4370.6,4370.6,0
2016-07-18,4349.0,4349.0,4349.0,4349.0,0
2016-07-19,4357.7,4357.7,4357.7,4357.7,0
2016-07-20,4393.2,4393.2,4393.2,4393.2,0
2016-07-21,4374.1,4374.1,4374.1,4374.1,0
2016-07-22,4407.3,4407.3,4407.3,4407.3,0
2016-07-25,4454.2,4454.2,4454.2,4454.2,0
2016-07-26,4429.0,4429.0,4429.0,4429.0,0
2016-07-27,4450.3,4450.3,4450.3,4450.3,0
2016-07-28,4474.8,4474.8,4474.8,4474.8,0
2016-07-29,4484.0,4484.0,4484.0,4484.0,0
2016-08-01,4494.3,4494.3,4494.3,4494.3,0
2016-08-02,4475.5,4475.5,4475.5,4475.5,0
2016-08-03,4424.8,4424.8,4424.8,4424.8,0
2016-08-04,4441.2,4441.2,4441.2,4441.2,0
2016-08-05,4511.8,4511.8,4511.8,4511.8,0
2016-08-08,4533.39,4533.39,4533.39,4533.39,0
2016-08-09,4516.6,4516.6,4516.6,4516.6,0
2016-08-10,4463.6,4463.6,4463.6,4463.6,0
2016-08-11,4470.3,4470.3,4470.3,4470.3,0
2016-08-12,4498.3,4498.3,4498.3,4498.3,0
2016-08-16,4503.8,4503.8,4503.8,4503.8,0
2016-08-17,4513.7,4513.7,4513.7,4513.7,0
2016-08-18,4546.39,4546.39,4546.39,4546.39,0
2016-08-19,4561.3,4561.3,4561.3,4561.3,0
2016-08-22,4536.3,4536.3,4536.3,4536.3,0
2016-08-23,4532.89,4532.89,4532.89,4532.89,0
2016-08-24,4550.5,4550.5,4550.5,4550.5,0
2016-08-25,4530.8,4530.8,4530.8,4530.8,0
2016-08-26,4530.1,4530.1,4530.1,4530.1,0
2016-08-29,4548.3,4548.3,4548.3,4548.3,0
2016-08-30,4607.89,4607.89,4607.89,4607.89,0
2016-08-31,4622.7,4622.7,4622.7,4622.7,0
2016-09-01,4608.7,4608.7,4608.7,4608.7,0
2016-09-02,4629.5,4629.5,4629.5,4629.5,0
2016-09-06,4695.2,4695.2,4695.2,4695.2,0
2016-09-07,4694.2,4694.2,4694.2,4694.2,0
2016-09-08,4719.3,4719.3,4719.3,4719.3,0
2016-09-09,4682.6,4682.6,4682.6,4682.6,0
2016-09-12,4576.0,4576.0,4576.0,4576.0,0
2016-09-14,4609.7,4609.7,4609.7,4609.7,0
2016-09-15,4613.89,4613.89,4613.89,4613.89,0
2016-09-16,4622.6,4622.6,4622.6,4622.6,0
2016-09-19,4640.89,4640.89,4640.89,4640.89,0
2016-09-20,4623.2,4623.2,4623.2,4623.2,0
2016-09-21,4624.6,4624.6,4624.6,4624.6,0
2016-09-22,4676.1,4676.1,4676.1,4676.1,0
2016-09-23,4674.7,4674.7,4674.7,4674.7,0
2016-09-26,4634.8,4634.8,4634.8,4634.8,0
2016-09-27,4634.0,4634.0,4634.0,4634.0,0
2016-09-28,4669.89,4669.89,4669.89,4669.89,0
2016-09-29,4545.1,4545.1,4545.1,4545.1,0
2016-09-30,4598.1,4598.1,4598.1,4598.1,0
2016-10-03,4692.1,4692.1,4692.1,4692.1,0
2016-10-04,4719.6,4719.6,4719.6,4719.6,0
2016-10-05,4730.2,4730.2,4730.2,4730.2,0
2016-10-06,4711.89,4711.89,4711.89,4711.89,0
2016-10-07,4705.0,4705.0,4705.0,4705.0,0
2016-10-10,4707.89,4707.89,4707.89,4707.89,0
2016-10-13,4643.0,4643.0,4643.0,4643.0,0
2016-10-14,4664.6,4664.6,4664.6,4664.6,0
2016-10-17,4623.5,4623.5,4623.5,4623.5,0
2016-10-18,4697.6,4697.6,4697.6,4697.6,0
2016-10-19,4696.6,4696.6,4696.6,4696.6,0
2016-10-20,4713.5,4713.5,4713.5,4713.5,0
2016-10-21,4720.39,4720.39,4720.39,4720.39,0
2016-10-24,4724.5,4724.5,4724.5,4724.5,0
2016-10-25,4719.5,4719.5,4719.5,4719.5,0
2016-10-26,4681.39,4681.39,4681.39,4681.39,0
2016-10-27,4655.89,4655.89,4655.89,4655.89,0
2016-10-28,4693.5,4693.5,4693.5,4693.5,0
2016-10-30,4707.89,4707.89,4707.89,4707.89,0
2016-11-01,4705.7,4705.7,4705.7,4705.7,0
2016-11-02,4630.6,4630.6,4630.6,4630.6,0
2016-11-03,4592.2,4592.2,4592.2,4592.2,0
2016-11-04,4536.8,4536.8,4536.8,4536.8,0
2016-11-07,4570.39,4570.39,4570.39,4570.39,0
2016-11-08,4592.7,4592.7,4592.7,4592.7,0
2016-11-09,4507.5,4507.5,4507.5,4507.5,0
2016-11-10,4574.0,4574.0,4574.0,4574.0,0
2016-11-11,4430.39,4430.39,4430.39,4430.39,0
2016-11-15,4285.5,4285.5,4285.5,4285.5,0
2016-11-16,4292.89,4292.89,4292.89,4292.89,0
2016-11-17,4277.1,4277.1,4277.1,4277.1,0
2016-11-18,4282.0,4282.0,4282.0,4282.0,0
2016-11-21,4183.8,4183.8,4183.8,4183.8,0
2016-11-22,4237.7,4237.7,4237.7,4237.7,0
2016-11-23,4270.6,4270.6,4270.6,4270.6,0
2016-11-24,4242.0,4242.0,4242.0,4242.0,0
2016-11-25,4315.39,4315.39,4315.39,4315.39,0
2016-11-28,4333.2,4333.2,4333.2,4333.2,0
2016-11-29,4354.0,4354.0,4354.0,4354.0,0
2016-11-30,4403.3,4403.3,4403.3,4403.3,0
2016-12-01,4372.6,4372.6,4372.6,4372.6,0
2016-12-02,4312.39,4312.39,4312.39,4312.39,0
2016-12-05,4334.8,4334.8,4334.8,4334.8,0
2016-12-06,4348.3,4348.3,4348.3,4348.3,0
2016-12-07,4331.2,4331.2,4331.2,4331.2,0
2016-12-08,4399.6,4399.6,4399.6,4399.6,0
2016-12-09,4410.39,4410.39,4410.39,4410.39,0
2016-12-12,4361.8,4361.8,4361.8,4361.8,0
2016-12-13,4363.5,4363.5,4363.5,4363.5,0
2016-12-14,4337.89,4337.89,4337.89,4337.89,0
2016-12-15,4333.89,4333.89,4333.89,4333.89,0
2016-12-16,4325.8,4325.8,4325.8,4325.8,0
2016-12-19,4305.89,4305.89,4305.89,4305.89,0
2016-12-20,4272.8,4272.8,4272.8,4272.8,0
2016-12-21,4267.39,4267.39,4267.39,4267.39,0
2016-12-22,4218.2,4218.2,4218.2,4218.2,0
2016-12-23,4216.7,4216.7,4216.7,4216.7,0
2016-12-26,4145.89,4145.89,4145.89,4145.89,0
2016-12-27,4211.2,4211.2,4211.2,4211.2,0
2016-12-28,4229.89,4229.89,4229.89,4229.89,0
2016-12-29,4280.3,4280.3,4280.3,4280.3,0
2016-12-30,4314.6,4314.6,4314.6,4314.6,0
2017-01-02,4335.2,4335.2,4335.2,4335.2,0
2017-01-03,4354.7,4354.7,4354.7,4354.7,0
2017-01-04,4358.89,4358.89,4358.89,4358.89,0
2017-01-05,4404.5,4404.5,4404.5,4404.5,0
2017-01-06,4391.39,4391.39,4391.39,4391.39,0
2017-01-09,4397.39,4397.39,4397.39,4397.39,0
2017-01-10,4420.8,4420.8,4420.8,4420.8,0
2017-01-11,4474.5,4474.5,4474.5,4474.5,0
2017-01-12,4482.6,4482.6,4482.6,4482.6,0
2017-01-13,4479.2,4479.2,4479.2,4479.2,0
2017-01-16,4491.89,4491.89,4491.89,4491.89,0
2017-01-17,4495.7,4495.7,4495.7,4495.7,0
2017-01-18,4516.0,4516.0,4516.0,4516.0,0
2017-01-19,4532.6,4532.6,4532.6,4532.6,0
2017-01-20,4476.6,4476.6,4476.6,4476.6,0
2017-01-23,4499.1,4499.1,4499.1,4499.1,0
2017-01-24,4548.1,4548.1,4548.1,4548.1,0
2017-01-25,4608.0,4608.0,4608.0,4608.0,0
2017-01-27,4634.0,4634.0,4634.0,4634.0,0
2017-01-30,4627.3,4627.3,4627.3,4627.3,0
2017-01-31,4580.89,4580.89,4580.89,4580.89,0
2017-02-01,4665.5,4665.5,4665.5,4665.5,0
2017-02-02,4691.89,4691.89,4691.89,4691.89,0
2017-02-03,4719.0,4719.0,4719.0,4719.0,0
2017-02-06,4753.5,4753.5,4753.5,4753.5,0
2017-02-07,4739.3,4739.3,4739.3,4739.3,0
2017-02-08,4749.89,4749.89,4749.89,4749.89,0
2017-02-09,4757.2,4757.2,4757.2,4757.2,0
2017-02-10,4762.89,4762.89,4762.89,4762.89,0
2017-02-13,4750.89,4750.89,4750.89,4750.89,0
2017-02-14,4742.2,4742.2,4742.2,4742.2,0
2017-02-15,4692.1,4692.1,4692.1,4692.1,0
2017-02-16,4742.8,4742.8,4742.8,4742.8,0
2017-02-17,4762.2,4762.2,4762.2,4762.2,0
2017-02-20,4798.8,4798.8,4798.8,4798.8,0
2017-02-21,4821.1,4821.1,4821.1,4821.1,0
2017-02-22,4810.89,4810.89,4810.89,4810.89,0
2017-02-23,4821.8,4821.8,4821.8,4821.8,0
2017-02-27,4815.5,4815.5,4815.5,4815.5,0
2017-02-28,4824.1,4824.1,4824.1,4824.1,0
2017-03-01,4846.1,4846.1,4846.1,4846.1,0
2017-03-02,4795.6,4795.6,4795.6,4795.6,0
2017-03-03,4804.89,4804.89,4804.89,4804.89,0
2017-03-06,4829.39,4829.39,4829.39,4829.39,0
2017-03-07,4825.0,4825.0,4825.0,4825.0,0
2017-03-08,4806.39,4806.39,4806.39,4806.39,0
2017-03-09,4804.7,4804.7,4804.7,4804.7,0
2017-03-10,4804.1,4804.1,4804.1,4804.1,0
2017-03-14,4878.3,4878.3,4878.3,4878.3,0
2017-03-15,4900.6,4900.6,4900.6,4900.6,0
2017-03-16,4954.3,4954.3,4954.3,4954.3,0
2017-03-17,4961.3,4961.3,4961.3,4961.3,0
2017-03-20,4961.6,4961.6,4961.6,4961.6,0
2017-03-21,4958.2,4958.2,4958.2,4958.2,0
2017-03-22,4906.0,4906.0,4906.0,4906.0,0
2017-03-23,4941.39,4941.39,4941.39,4941.39,0
2017-03-24,4955.3,4955.3,4955.3,4955.3,0
2017-03-27,4941.2,4941.2,4941.2,4941.2,0
2017-03-28,4967.8,4967.8,4967.8,4967.8,0
2017-03-29,4988.8,4988.8,4988.8,4988.8,0
2017-03-30,5011.5,5011.5,5011.5,5011.5,0
2017-03-31,5032.3,5032.3,5032.3,5032.3,0
2017-04-03,5070.0,5070.0,5070.0,5070.0,0
2017-04-05,5099.5,5099.5,5099.5,5099.5,0
2017-04-06,5094.8,5094.8,5094.8,5094.8,0
2017-04-07,5068.7,5068.7,5068.7,5068.7,0
2017-04-10,5079.1,5079.1,5079.1,5079.1,0
2017-04-11,5116.8,5116.8,5116.8,5116.8,0
2017-04-12,5092.5,5092.5,5092.5,5092.5,0
2017-04-13,5072.7,5072.7,5072.7,5072.7,0
2017-04-17,5076.39,5076.39,5076.39,5076.39,0
2017-04-18,5057.0,5057.0,5057.0,5057.0,0
2017-04-19,5074.6,5074.6,5074.6,5074.6,0
2017-04-20,5106.6,5106.6,5106.6,5106.6,0
2017-04-21,5100.0,5100.0,5100.0,5100.0,0
2017-04-24,5145.6,5145.6,5145.6,5145.6,0
2017-04-25,5191.8,5191.8,5191.8,5191.8,0
2017-04-26,5193.89,5193.89,5193.89,5193.89,0
2017-04-27,5193.1,5193.1,5193.1,5193.1,0
2017-04-28,5203.5,5203.5,5203.5,5203.5,0
2017-05-02,5217.2,5217.2,5217.2,5217.2,0
2017-05-03,5208.89,5208.89,5208.89,5208.89,0
2017-05-04,5233.3,5233.3,5233.3,5233.3,0
2017-05-05,5192.89,5192.89,5192.89,5192.89,0
2017-05-08,5215.1,5215.1,5215.1,5215.1,0
2017-05-09,5225.6,5225.6,5225.6,5225.6,0
2017-05-10,5266.9,5266.9,5266.9,5266.9,0
2017-05-11,5273.7,5273.7,5273.7,5273.7,0
2017-05-12,5244.6,5244.6,5244.6,5244.6,0
2017-05-15,5286.1,5286.1,5286.1,5286.1,0
2017-05-16,5311.4,5311.4,5311.4,5311.4,0
2017-05-17,5303.2,5303.2,5303.2,5303.2,0
2017-05-18,5213.8,5213.8,5213.8,5213.8,0
2017-05-19,5191.5,5191.5,5191.5,5191.5,0
2017-05-22,5163.1,5163.1,5163.1,5163.1,0
2017-05-23,5103.2,5103.2,5103.2,5103.2,0
2017-05-24,5064.89,5064.89,5064.89,5064.89,0
2017-05-25,5142.1,5142.1,5142.1,5142.1,0
2017-05-26,5204.39,5204.39,5204.39,5204.39,0
2017-05-29,5162.5,5162.5,5162.5,5162.5,0
2017-05-30,5188.39,5188.39,5188.39,5188.39,0
2017-05-31,5218.3,5218.3,5218.3,5218.3,0
2017-06-01,5243.1,5243.1,5243.1,5243.1,0
2017-06-02,5271.4,5271.4,5271.4,5271.4,0
2017-06-05,5292.7,5292.7,5292.7,5292.7,0
2017-06-06,5271.7,5271.7,5271.7,5271.7,0
2017-06-07,5301.2,5301.2,5301.2,5301.2,0
2017-06-08,5304.0,5304.0,5304.0,5304.0,0
2017-06-09,5319.8,5319.8,5319.8,5319.8,0
2017-06-12,5287.9,5287.9,5287.9,5287.9,0
2017-06-13,5289.3,5289.3,5289.3,5289.3,0
2017-06-14,5306.4,5306.4,5306.4,5306.4,0
2017-06-15,5299.5,5299.5,5299.5,5299.5,0
2017-06-16,5302.1,5302.1,5302.1,5302.1,0
2017-06-19,5314.8,5314.8,5314.8,5314.8,0
2017-06-20,5317.1,5317.1,5317.1,5317.1,0
2017-06-21,5314.1,5314.1,5314.1,5314.1,0
2017-06-22,5297.0,5297.0,5297.0,5297.0,0
2017-06-23,5246.1,5246.1,5246.1,5246.1,0
2017-06-27,5195.5,5195.5,5195.5,5195.5,0
2017-06-28,5196.8,5196.8,5196.8,5196.8,0
2017-06-29,5216.7,5216.7,5216.7,5216.7,0
2017-06-30,5248.3,5248.3,5248.3,5248.3,0
2017-07-03,5297.5,5297.5,5297.5,5297.5,0
2017-07-04,5290.4,5290.4,5290.4,5290.4,0
2017-07-05,5325.6,5325.6,5325.6,5325.6,0
2017-07-06,5340.7,5340.7,5340.7,5340.7,0
2017-07-07,5340.4,5340.4,5340.4,5340.4,0
2017-07-10,5379.0,5379.0,5379.0,5379.0,0
2017-07-11,5359.6,5359.6,5359.6,5359.6,0
2017-07-12,5389.2,5389.2,5389.2,5389.2,0
2017-07-13,5422.5,5422.5,5422.5,5422.5,0
2017-07-14,5421.1,5421.1,5421.1,5421.1,0
2017-07-17,5427.5,5427.5,5427.5,5427.5,0
2017-07-18,5388.9,5388.9,5388.9,5388.9,0
2017-07-19,5432.2,5432.2,5432.2,5432.2,0
2017-07-20,5420.6,5420.6,5420.6,5420.6,0
2017-07-21,5429.7,5429.7,5429.7,5429.7,0
2017-07-24,5444.9,5444.9,5444.9,5444.9,0
2017-07-25,5458.4,5458.4,5458.4,5458.4,0
2017-07-26,5477.1,5477.1,5477.1,5477.1,0
2017-07-27,5473.2,5473.2,5473.2,5473.2,0
2017-07-28,5486.0,5486.0,5486.0,5486.0,0
2017-07-31,5510.4,5510.4,5510.4,5510.4,0
2017-08-01,5518.4,5518.4,5518.4,5518.4,0
2017-08-02,5509.8,5509.8,5509.8,5509.8,0
2017-08-03,5464.5,5464.5,5464.5,5464.5,0
2017-08-04,5489.4,5489.4,5489.4,5489.4,0
2017-08-07,5525.8,5525.8,5525.8,5525.8,0
2017-08-08,5480.2,5480.2,5480.2,5480.2,0
2017-08-09,5412.8,5412.8,5412.8,5412.8,0
2017-08-10,5300.5,5300.5,5300.5,5300.5,0
2017-08-11,5263.0,5263.0,5263.0,5263.0,0
2017-08-14,5355.4,5355.4,5355.4,5355.4,0
2017-08-16,5419.1,5419.1,5419.1,5419.1,0
2017-08-17,5421.3,5421.3,5421.3,5421.3,0
2017-08-18,5395.8,5395.8,5395.8,5395.8,0
2017-08-21,5343.0,5343.0,5343.0,5343.0,0
2017-08-22,5327.4,5327.4,5327.4,5327.4,0
2017-08-23,5382.4,5382.4,5382.4,5382.4,0
2017-08-24,5399.5,5399.5,5399.5,5399.5,0
2017-08-28,5445.6,5445.6,5445.6,5445.6,0
2017-08-29,5390.4,5390.4,5390.4,5390.4,0
2017-08-30,5450.7,5450.7,5450.7,5450.7,0
2017-08-31,5476.4,5476.4,5476.4,5476.4,0
2017-09-01,5517.5,5517.5,5517.5,5517.5,0
2017-09-04,5483.0,5483.0,5483.0,5483.0,0
2017-09-05,5520.6,5520.6,5520.6,5520.6,0
2017-09-06,5517.0,5517.0,5517.0,5517.0,0
2017-09-07,5534.1,5534.1,5534.1,5534.1,0
2017-09-08,5530.0,5530.0,5530.0,5530.0,0
2017-09-11,5569.7,5569.7,5569.7,5569.7,0
2017-09-12,5623.8,5623.8,5623.8,5623.8,0
2017-09-13,5601.5,5601.5,5601.5,5601.5,0
2017-09-14,5621.9,5621.9,5621.9,5621.9,0
2017-09-15,5632.8,5632.8,5632.8,5632.8,0
2017-09-18,5672.5,5672.5,5672.5,5672.5,0
2017-09-19,5676.3,5676.3,5676.3,5676.3,0
2017-09-20,5661.3,5661.3,5661.3,5661.3,0
2017-09-21,5644.9,5644.9,5644.9,5644.9,0
2017-09-22,5523.1,5523.1,5523.1,5523.1,0
2017-09-25,5453.5,5453.5,5453.5,5453.5,0
2017-09-26,5475.1,5475.1,5475.1,5475.1,0
2017-09-27,5385.8,5385.8,5385.8,5385.8,0
2017-09-28,5415.4,5415.4,5415.4,5415.4,0
2017-09-29,5447.1,5447.1,5447.1,5447.1,0
2017-10-03,5486.2,5486.2,5486.2,5486.2,0
2017-10-04,5511.0,5511.0,5511.0,5511.0,0
2017-10-05,5520.9,5520.9,5520.9,5520.9,0
2017-10-06,5572.3,5572.3,5572.3,5572.3,0
2017-10-09,5575.6,5575.6,5575.6,5575.6,0
2017-10-10,5607.6,5607.6,5607.6,5607.6,0
2017-10-11,5571.9,5571.9,5571.9,5571.9,0
2017-10-12,5633.4,5633.4,5633.4,5633.4,0
2017-10-13,5653.5,5653.5,5653.5,5653.5,0
2017-10-16,5686.3,5686.3,5686.3,5686.3,0
2017-10-17,5700.1,5700.1,5700.1,5700.1,0
2017-10-18,5689.1,5689.1,5689.1,5689.1,0
2017-10-19,5661.8,5661.8,5661.8,5661.8,0
2017-10-23,5686.3,5686.3,5686.3,5686.3,0
2017-10-24,5702.1,5702.1,5702.1,5702.1,0
2017-10-25,5740.2,5740.2,5740.2,5740.2,0
2017-10-26,5765.9,5765.9,5765.9,5765.9,0
2017-10-27,5764.1,5764.1,5764.1,5764.1,0
2017-10-30,5816.7,5816.7,5816.7,5816.7,0
2017-10-31,5816.7,5816.7,5816.7,5816.7,0
2017-11-01,5859.5,5859.5,5859.5,5859.5,0
2017-11-02,5870.6,5870.6,5870.6,5870.6,0
2017-11-03,5879.2,5879.2,5879.2,5879.2,0
2017-11-06,5886.1,5886.1,5886.1,5886.1,0
2017-11-07,5817.4,5817.4,5817.4,5817.4,0
2017-11-08,5781.8,5781.8,5781.8,5781.8,0
2017-11-09,5820.3,5820.3,5820.3,5820.3,0
2017-11-10,5829.3,5829.3,5829.3,5829.3,0
2017-11-13,5796.3,5796.3,5796.3,5796.3,0
2017-11-14,5777.6,5777.6,5777.6,5777.6,0
2017-11-15,5725.0,5725.0,5725.0,5725.0,0
2017-11-16,5786.9,5786.9,5786.9,5786.9,0
2017-11-17,5834.5,5834.5,5834.5,5834.5,0
2017-11-20,5857.7,5857.7,5857.7,5857.7,0
2017-11-21,5870.8,5870.8,5870.8,5870.8,0
2017-11-22,5875.9,5875.9,5875.9,5875.9,0
2017-11-23,5886.5,5886.5,5886.5,5886.5,0
2017-11-24,5915.9,5915.9,5915.9,5915.9,0
2017-11-27,5935.6,5935.6,5935.6,5935.6,0
2017-11-28,5930.5,5930.5,5930.5,5930.5,0
2017-11-29,5920.5,5920.5,5920.5,5920.5,0
2017-11-30,5877.7,5877.7,5877.7,5877.7,0
2017-12-01,5822.5,5822.5,5822.5,5822.5,0
2017-12-04,5824.3,5824.3,5824.3,5824.3,0
2017-12-05,5829.3,5829.3,5829.3,5829.3,0
2017-12-06,5784.4,5784.4,5784.4,5784.4,0
2017-12-07,5855.0,5855.0,5855.0,5855.0,0
2017-12-08,5908.6,5908.6,5908.6,5908.6,0
2017-12-11,5934.6,5934.6,5934.6,5934.6,0
2017-12-12,5889.0,5889.0,5889.0,5889.0,0
2017-12-13,5850.3,5850.3,5850.3,5850.3,0
2017-12-14,5861.8,5861.8,5861.8,5861.8,0
2017-12-15,5922.0,5922.0,5922.0,5922.0,0
2017-12-18,5960.1,5960.1,5960.1,5960.1,0
2017-12-19,6021.8,6021.8,6021.8,6021.8,0
2017-12-20,6033.9,6033.9,6033.9,6033.9,0
2017-12-21,6064.8,6064.8,6064.8,6064.8,0
2017-12-22,6086.7,6086.7,6086.7,6086.7,0
2017-12-26,6110.9,6110.9,6110.9,6110.9,0
2017-12-27,6101.6,6101.6,6101.6,6101.6,0
2017-12-28,6103.6,6103.6,6103.6,6103.6,0
2017-12-29,6145.3,6145.3,6145.3,6145.3,0
2018-01-01,6116.29,6116.29,6116.29,6116.29,0
2018-01-02,6090.34,6090.34,6090.34,6090.34,0
2018-01-03,6110.15,6110.15,6110.15,6110.15,0
2018-01-04,6151.3,6151.3,6151.3,6151.3,0
2018-01-05,6201.96,6201.96,6201.96,6201.96,0
2018-01-08,6248.45,6248.45,6248.45,6248.45,0
2018-01-09,6245.3,6245.3,6245.3,6245.3,0
2018-01-10,6231.16,6231.16,6231.16,6231.16,0
2018-01-11,6247.36,6247.36,6247.36,6247.36,0
2018-01-12,6249.51,6249.51,6249.51,6249.51,0
2018-01-15,6264.11,6264.11,6264.11,6264.11,0
2018-01-16,6192.73,6192.73,6192.73,6192.73,0
2018-01-17,6239.88,6239.88,6239.88,6239.88,0
2018-01-18,6188.64,6188.64,6188.64,6188.64,0
2018-01-19,6243.61,6243.61,6243.61,6243.61,0
2018-01-22,6284.34,6284.34,6284.34,6284.34,0
2018-01-23,6337.99,6337.99,6337.99,6337.99,0
2018-01-24,6313.03,6313.03,6313.03,6313.03,0
2018-01-25,6277.1,6277.1,6277.1,6277.1,0
2018-01-29,6266.63,6266.63,6266.63,6266.63,0
2018-01-30,6218.42,6218.42,6218.42,6218.42,0
2018-01-31,6171.73,6171.73,6171.73,6171.73,0
2018-02-01,6157.72,6157.72,6157.72,6157.72,0
2018-02-02,5956.42,5956.42,5956.42,5956.42,0
2018-02-05,5916.61,5916.61,5916.61,5916.61,0
2018-02-06,5816.9,5816.9,5816.9,5816.9,0
2018-02-07,5830.82,5830.82,5830.82,5830.82,0
2018-02-08,5914.72,5914.72,5914.72,5914.72,0
2018-02-09,5885.95,5885.95,5885.95,5885.95,0
2018-02-12,5955.89,5955.89,5955.89,5955.89,0
2018-02-14,5953.07,5953.07,5953.07,5953.07,0
2018-02-15,5937.66,5937.66,5937.66,5937.66,0
2018-02-16,5884.82,5884.82,5884.82,5884.82,0
2018-02-19,5833.49,5833.49,5833.49,5833.49,0
2018-02-20,5825.45,5825.45,5825.45,5825.45,0
2018-02-21,5835.25,5835.25,5835.25,5835.25,0
2018-02-22,5812.67,5812.67,5812.67,5812.67,0
2018-02-23,5892.42,5892.42,5892.42,5892.42,0
2018-02-26,5940.54,5940.54,5940.54,5940.54,0
2018-02-27,5919.84,5919.84,5919.84,5919.84,0
2018-02-28,5904.5,5904.5,5904.5,5904.5,0
2018-03-01,5879.19,5879.19,5879.19,5879.19,0
2018-03-05,5825.4,5825.4,5825.4,5825.4,0
2018-03-06,5767.52,5767.52,5767.52,5767.52,0
2018-03-07,5696.65,5696.65,5696.65,5696.65,0
2018-03-08,5738.58,5738.58,5738.58,5738.58,0
2018-03-09,5728.7,5728.7,5728.7,5728.7,0
2018-03-12,5802.57,5802.57,5802.57,5802.57,0
2018-03-13,5834.27,5834.27,5834.27,5834.27,0
2018-03-14,5835.47,5835.47,5835.47,5835.47,0
2018-03-15,5833.92,5833.92,5833.92,5833.92,0
2018-03-16,5758.65,5758.65,5758.65,5758.65,0
2018-03-19,5682.24,5682.24,5682.24,5682.24,0
2018-03-20,5699.64,5699.64,5699.64,5699.64,0
2018-03-21,5716.88,5716.88,5716.88,5716.88,0
2018-03-22,5685.51,5685.51,5685.51,5685.51,0
2018-03-23,5616.28,5616.28,5616.28,5616.28,0
2018-03-26,5690.04,5690.04,5690.04,5690.04,0
2018-03-27,5739.36,5739.36,5739.36,5739.36,0
2018-03-28,5705.9,5705.9,5705.9,5705.9,0
2018-04-02,5782.28,5782.28,5782.28,5782.28,0
2018-04-03,5818.12,5818.12,5818.12,5818.12,0
2018-04-04,5757.36,5757.36,5757.36,5757.36,0
2018-04-05,5862.91,5862.91,5862.91,5862.91,0
2018-04-06,5881.6,5881.6,5881.6,5881.6,0
2018-04-09,5901.38,5901.38,5901.38,5901.38,0
2018-04-10,5911.27,5911.27,5911.27,5911.27,0
2018-04-11,5918.43,5918.43,5918.43,5918.43,0
2018-04-12,5918.95,5918.95,5918.95,5918.95,0
2018-04-13,5937.54,5937.54,5937.54,5937.54,0
2018-04-16,5969.12,5969.12,5969.12,5969.12,0
2018-04-17,5982.78,5982.78,5982.78,5982.78,0
2018-04-18,5972.49,5972.49,5972.49,5972.49,0
2018-04-19,6002.52,6002.52,6002.52,6002.52,0
2018-04-20,5991.87,5991.87,5991.87,5991.87,0
2018-04-23,6012.2,6012.2,6012.2,6012.2,0
2018-04-24,6018.77,6018.77,6018.77,6018.77,0
2018-04-25,5997.12,5997.12,5997.12,5997.12,0
2018-04-26,6018.32,6018.32,6018.32,6018.32,0
2018-04-27,6058.52,6058.52,6058.52,6058.52,0
2018-04-30,6098.13,6098.13,6098.13,6098.13,0
2018-05-02,6049.06,6049.06,6049.06,6049.06,0
2018-05-03,6006.32,6006.32,6006.32,6006.32,0
2018-05-04,5978.84,5978.84,5978.84,5978.84,0
2018-05-07,6026.86,6026.86,6026.86,6026.86,0
2018-05-08,6025.78,6025.78,6025.78,6025.78,0
2018-05-09,6012.73,6012.73,6012.73,6012.73,0
2018-05-10,5960.86,5960.86,5960.86,5960.86,0
2018-05-11,5992.91,5992.91,5992.91,5992.91,0
2018-05-14,5962.12,5962.12,5962.12,5962.12,0
2018-05-15,5935.87,5935.87,5935.87,5935.87,0
2018-05-16,5916.78,5916.78,5916.78,5916.78,0
2018-05-17,5912.67,5912.67,5912.67,5912.67,0
2018-05-18,5849.87,5849.87,5849.87,5849.87,0
2018-05-21,5777.23,5777.23,5777.23,5777.23,0
2018-05-22,5796.65,5796.65,5796.65,5796.65,0
2018-05-23,5754.97,5754.97,5754.97,5754.97,0
2018-05-24,5765.59,5765.59,5765.59,5765.59,0
2018-05-25,5839.21,5839.21,5839.21,5839.21,0
2018-05-28,5901.64,5901.64,5901.64,5901.64,0
2018-05-29,5882.0,5882.0,5882.0,5882.0,0
2018-05-30,5876.25,5876.25,5876.25,5876.25,0
2018-05-31,5899.86,5899.86,5899.86,5899.86,0
2018-06-01,5851.13,5851.13,5851.13,5851.13,0
2018-06-04,5800.32,5800.32,5800.32,5800.32,0
2018-06-05,5751.5,5751.5,5751.5,5751.5,0
2018-06-06,5815.84,5815.84,5815.84,5815.84,0
2018-06-07,5880.5,5880.5,5880.5,5880.5,0
2018-06-08,5897.62,5897.62,5897.62,5897.62,0
2018-06-11,5906.02,5906.02,5906.02,5906.02,0
2018-06-12,5944.07,5944.07,5944.07,5944.07,0
2018-06-13,5937.05,5937.05,5937.05,5937.05,0
2018-06-14,5927.33,5927.33,5927.33,5927.33,0
2018-06-15,5912.33,5912.33,5912.33,5912.33,0
2018-06-18,5895.79,5895.79,5895.79,5895.79,0
2018-06-19,5838.36,5838.36,5838.36,5838.36,0
2018-06-20,5863.66,5863.66,5863.66,5863.66,0
2018-06-21,5839.22,5839.22,5839.22,5839.22,0
2018-06-22,5869.19,5869.19,5869.19,5869.19,0
2018-06-25,5830.96,5830.96,5830.96,5830.96,0
2018-06-26,5826.78,5826.78,5826.78,5826.78,0
2018-06-27,5756.61,5756.61,5756.61,5756.61,0
2018-06-28,5684.47,5684.47,5684.47,5684.47,0
2018-06-29,5768.36,5768.36,5768.36,5768.36,0
2018-07-02,5738.79,5738.79,5738.79,5738.79,0
2018-07-03,5768.95,5768.95,5768.95,5768.95,0
2018-07-04,5792.53,5792.53,5792.53,5792.53,0
2018-07-05,5767.51,5767.51,5767.51,5767.51,0
2018-07-06,5787.9,5787.9,5787.9,5787.9,0
2018-07-09,5851.78,5851.78,5851.78,5851.78,0
2018-07-10,5899.01,5899.01,5899.01,5899.01,0
2018-07-11,5885.65,5885.65,5885.65,5885.65,0
2018-07-12,5891.65,5891.65,5891.65,5891.65,0
2018-07-13,5860.55,5860.55,5860.55,5860.55,0
2018-07-16,5765.21,5765.21,5765.21,5765.21,0
2018-07-17,5841.27,5841.27,5841.27,5841.27,0
2018-07-18,5803.2,5803.2,5803.2,5803.2,0
2018-07-19,5775.41,5775.41,5775.41,5775.41,0
2018-07-20,5814.72,5814.72,5814.72,5814.72,0
2018-07-23,5866.71,5866.71,5866.71,5866.71,0
2018-07-24,5929.44,5929.44,5929.44,5929.44,0
2018-07-25,5928.24,5928.24,5928.24,5928.24,0
2018-07-26,5952.21,5952.21,5952.21,5952.21,0
2018-07-27,6007.02,6007.02,6007.02,6007.02,0
2018-07-30,6025.82,6025.82,6025.82,6025.82,0
2018-07-31,6047.38,6047.38,6047.38,6047.38,0
2018-08-01,6053.46,6053.46,6053.46,6053.46,0
2018-08-02,6027.62,6027.62,6027.62,6027.62,0
2018-08-03,6086.44,6086.44,6086.44,6086.44,0
2018-08-06,6103.64,6103.64,6103.64,6103.64,0
2018-08-07,6098.92,6098.92,6098.92,6098.92,0
2018-08-08,6115.99,6115.99,6115.99,6115.99,0
2018-08-09,6133.57,6133.57,6133.57,6133.57,0
2018-08-10,6108.02,6108.02,6108.02,6108.02,0
2018-08-13,6069.52,6069.52,6069.52,6069.52,0
2018-08-14,6125.13,6125.13,6125.13,6125.13,0
2018-08-16,6106.61,6106.61,6106.61,6106.61,0
2018-08-17,6161.11,6161.11,6161.11,6161.11,0
2018-08-20,6203.58,6203.58,6203.58,6203.58,0
2018-08-21,6219.05,6219.05,6219.05,6219.05,0
2018-08-23,6220.96,6220.96,6220.96,6220.96,0
2018-08-24,6206.36,6206.36,6206.36,6206.36,0
2018-08-27,6277.12,6277.12,6277.12,6277.12,0
2018-08-28,6287.61,6287.61,6287.61,6287.61,0
2018-08-29,6292.32,6292.32,6292.32,6292.32,0
2018-08-30,6295.4,6295.4,6295.4,6295.4,0
2018-08-31,6310.15,6310.15,6310.15,6310.15,0
2018-09-03,6274.02,6274.02,6274.02,6274.02,0
2018-09-04,6175.0,6175.0,6175.0,6175.0,0
2018-09-05,6144.22,6144.22,6144.22,6144.22,0
2018-09-06,6171.96,6171.96,6171.96,6171.96,0
2018-09-07,6220.6,6220.6,6220.6,6220.6,0
2018-09-10,6131.64,6131.64,6131.64,6131.64,0
2018-09-11,6051.38,6051.38,6051.38,6051.38,0
2018-09-12,6078.64,6078.64,6078.64,6078.64,0
2018-09-14,6165.61,6165.61,6165.61,6165.61,0
2018-09-17,6111.64,6111.64,6111.64,6111.64,0
2018-09-18,6041.14,6041.14,6041.14,6041.14,0
2018-09-19,6001.2,6001.2,6001.2,6001.2,0
2018-09-21,5914.08,5914.08,5914.08,5914.08,0
2018-09-24,5785.16,5785.16,5785.16,5785.16,0
2018-09-25,5807.88,5807.88,5807.88,5807.88,0
2018-09-26,5815.88,5815.88,5815.88,5815.88,0
2018-09-27,5733.12,5733.12,5733.12,5733.12,0
2018-09-28,5667.51,5667.51,5667.51,5667.51,0
2018-10-01,5692.56,5692.56,5692.56,5692.56,0
2018-10-03,5624.77,5624.77,5624.77,5624.77,0
2018-10-04,5504.09,5504.09,5504.09,5504.09,0
2018-10-05,5359.92,5359.92,5359.92,5359.92,0
2018-10-08,5317.83,5317.83,5317.83,5317.83,0
2018-10-09,5295.58,5295.58,5295.58,5295.58,0
2018-10-10,5442.0,5442.0,5442.0,5442.0,0
2018-10-11,5327.38,5327.38,5327.38,5327.38,0
2018-10-12,5457.55,5457.55,5457.55,5457.55,0
2018-10-15,5491.78,5491.78,5491.78,5491.78,0
2018-10-16,5553.46,5553.46,5553.46,5553.46,0
2018-10-17,5460.5,5460.5,5460.5,5460.5,0
2018-10-19,5385.15,5385.15,5385.15,5385.15,0
2018-10-22,5335.53,5335.53,5335.53,5335.53,0
2018-10-23,5283.08,5283.08,5283.08,5283.08,0
2018-10-24,5332.03,5332.03,5332.03,5332.03,0
2018-10-25,5289.61,5289.61,5289.61,5289.61,0
2018-10-26,5265.45,5265.45,5265.45,5265.45,0
2018-10-29,5394.96,5394.96,5394.96,5394.96,0
2018-10-30,5405.01,5405.01,5405.01,5405.01,0
2018-10-31,5501.76,5501.76,5501.76,5501.76,0
2018-11-01,5524.3,5524.3,5524.3,5524.3,0
2018-11-02,5583.6,5583.6,5583.6,5583.6,0
2018-11-05,5566.89,5566.89,5566.89,5566.89,0
2018-11-06,5554.18,5554.18,5554.18,5554.18,0
2018-11-07,5595.77,5595.77,5595.77,5595.77,0
2018-11-09,5621.31,5621.31,5621.31,5621.31,0
2018-11-12,5568.57,5568.57,5568.57,5568.57,0
2018-11-13,5599.98,5599.98,5599.98,5599.98,0
2018-11-14,5602.16,5602.16,5602.16,5602.16,0
2018-11-15,5626.39,5626.39,5626.39,5626.39,0
2018-11-16,5640.27,5640.27,5640.27,5640.27,0
2018-11-19,5672.09,5672.09,5672.09,5672.09,0
2018-11-20,5617.08,5617.08,5617.08,5617.08,0
2018-11-21,5616.87,5616.87,5616.87,5616.87,0
2018-11-22,5574.93,5574.93,5574.93,5574.93,0
2018-11-26,5607.9,5607.9,5607.9,5607.9,0
2018-11-27,5635.14,5635.14,5635.14,5635.14,0
2018-11-28,5622.84,5622.84,5622.84,5622.84,0
2018-11-29,5668.94,5668.94,5668.94,5668.94,0
2018-11-30,5693.5,5693.5,5693.5,5693.5,0
2018-12-03,5712.18,5712.18,5712.18,5712.18,0
2018-12-04,5706.5,5706.5,5706.5,5706.5,0
2018-12-05,5647.37,5647.37,5647.37,5647.37,0
2018-12-06,5557.79,5557.79,5557.79,5557.79,0
2018-12-07,5579.83,5579.83,5579.83,5579.83,0
2018-12-10,5471.52,5471.52,5471.52,5471.52,0
2018-12-11,5532.22,5532.22,5532.22,5532.22,0
2018-12-12,5652.88,5652.88,5652.88,5652.88,0
2018-12-13,5691.82,5691.82,5691.82,5691.82,0
2018-12-14,5700.56,5700.56,5700.56,5700.56,0
2018-12-17,5733.22,5733.22,5733.22,5733.22,0
2018-12-18,5747.0,5747.0,5747.0,5747.0,0
2018-12-19,5799.49,5799.49,5799.49,5799.49,0
2018-12-20,5795.81,5795.81,5795.81,5795.81,0
2018-12-21,5704.66,5704.66,5704.66,5704.66,0
2018-12-24,5660.02,5660.02,5660.02,5660.02,0
2018-12-26,5672.62,5672.62,5672.62,5672.62,0
2018-12-27,5696.51,5696.51,5696.51,5696.51,0
2018-12-28,5745.83,5745.83,5745.83,5745.83,0
2018-12-31,5763.86,5763.86,5763.86,5763.86,0
2019-01-01,5774.99,5774.99,5774.99,5774.99,0
2019-01-02,5714.4,5714.4,5714.4,5714.4,0
2019-01-03,5665.08,5665.08,5665.08,5665.08,0
2019-01-04,5690.81,5690.81,5690.81,5690.81,0
2019-01-07,5701.76,5701.76,5701.76,5701.76,0
2019-01-08,5707.44,5707.44,5707.44,5707.44,0
2019-01-09,5717.41,5717.41,5717.41,5717.41,0
2019-01-10,5723.93,5723.93,5723.93,5723.93,0
2019-01-11,5713.76,5713.76,5713.76,5713.76,0
2019-01-14,5688.37,5688.37,5688.37,5688.37,0
2019-01-15,5740.78,5740.78,5740.78,5740.78,0
2019-01-16,5737.02,5737.02,5737.02,5737.02,0
2019-01-17,5733.25,5733.25,5733.25,5733.25,0
2019-01-18,5715.33,5715.33,5715.33,5715.33,0
2019-01-21,5706.81,5706.81,5706.81,5706.81,0
2019-01-22,5695.92,5695.92,5695.92,5695.92,0
2019-01-23,5666.15,5666.15,5666.15,5666.15,0
2019-01-24,5661.68,5661.68,5661.68,5661.68,0
2019-01-25,5603.69,5603.69,5603.69,5603.69,0
2019-01-28,5523.2,5523.2,5523.2,5523.2,0
2019-01-29,5527.75,5527.75,5527.75,5527.75,0
2019-01-30,5542.75,5542.75,5542.75,5542.75,0
2019-01-31,5600.62,5600.62,5600.62,5600.62,0
2019-02-01,5632.44,5632.44,5632.44,5632.44,0
2019-02-04,5614.86,5614.86,5614.86,5614.86,0
2019-02-05,5596.09,5596.09,5596.09,5596.09,0
2019-02-06,5630.7,5630.7,5630.7,5630.7,0
2019-02-07,5654.89,5654.89,5654.89,5654.89,0
2019-02-08,5588.17,5588.17,5588.17,5588.17,0
2019-02-11,5529.81,5529.81,5529.81,5529.81,0
2019-02-12,5510.31,5510.31,5510.31,5510.31,0
2019-02-13,5490.57,5490.57,5490.57,5490.57,0
2019-02-14,5492.35,5492.35,5492.35,5492.35,0
2019-02-15,5459.41,5459.41,5459.41,5459.41,0
2019-02-18,5408.88,5408.88,5408.88,5408.88,0
2019-02-19,5413.58,5413.58,5413.58,5413.58,0
2019-02-20,5471.54,5471.54,5471.54,5471.54,0
2019-02-21,5511.76,5511.76,5511.76,5511.76,0
2019-02-22,5526.95,5526.95,5526.95,5526.95,0
2019-02-25,5558.86,5558.86,5558.86,5558.86,0
2019-02-26,5545.93,5545.93,5545.93,5545.93,0
2019-02-27,5551.48,5551.48,5551.48,5551.48,0
2019-02-28,5564.89,5564.89,5564.89,5564.89,0
2019-03-01,5620.39,5620.39,5620.39,5620.39,0
2019-03-05,5712.51,5712.51,5712.51,5712.51,0
2019-03-06,5742.31,5742.31,5742.31,5742.31,0
2019-03-07,5734.27,5734.27,5734.27,5734.27,0
2019-03-08,5726.2,5726.2,5726.2,5726.2,0
2019-03-11,5820.05,5820.05,5820.05,5820.05,0
2019-03-12,5868.6,5868.6,5868.6,5868.6,0
2019-03-13,5861.8,5861.8,5861.8,5861.8,0
2019-03-14,5860.72,5860.72,5860.72,5860.72,0
2019-03-15,5897.66,5897.66,5897.66,5897.66,0
2019-03-18,5897.22,5897.22,5897.22,5897.22,0
2019-03-19,5930.17,5930.17,5930.17,5930.17,0
2019-03-20,5914.9,5914.9,5914.9,5914.9,0
2019-03-22,5885.18,5885.18,5885.18,5885.18,0
2019-03-25,5833.97,5833.97,5833.97,5833.97,0
2019-03-26,5894.58,5894.58,5894.58,5894.58,0
2019-03-27,5900.75,5900.75,5900.75,5900.75,0
2019-03-28,5965.62,5965.62,5965.62,5965.62,0
2019-03-29,6011.71,6011.71,6011.71,6011.71,0
2019-04-01,6031.23,6031.23,6031.23,6031.23,0
2019-04-02,6039.7,6039.7,6039.7,6039.7,0
2019-04-03,5993.75,5993.75,5993.75,5993.75,0
2019-04-04,5979.21,5979.21,5979.21,5979.21,0
2019-04-05,6016.71,6016.71,6016.71,6016.71,0
2019-04-08,5980.11,5980.11,5980.11,5980.11,0
2019-04-09,5999.4,5999.4,5999.4,5999.4,0
2019-04-10,5973.39,5973.39,5973.39,5973.39,0
2019-04-11,5978.69,5978.69,5978.69,5978.69,0
2019-04-12,6002.1,6002.1,6002.1,6002.1,0
2019-04-15,6029.41,6029.41,6029.41,6029.41,0
2019-04-16,6056.76,6056.76,6056.76,6056.76,0
2019-04-18,6021.73,6021.73,6021.73,6021.73,0
2019-04-22,5933.76,5933.76,5933.76,5933.76,0
2019-04-23,5932.32,5932.32,5932.32,5932.32,0
2019-04-24,5976.15,5976.15,5976.15,5976.15,0
2019-04-25,5944.06,5944.06,5944.06,5944.06,0
2019-04-26,5960.98,5960.98,5960.98,5960.98,0
2019-04-30,5934.22,5934.22,5934.22,5934.22,0
2019-05-02,5910.57,5910.57,5910.57,5910.57,0
2019-05-03,5905.13,5905.13,5905.13,5905.13,0
2019-05-06,5853.97,5853.97,5853.97,5853.97,0
2019-05-07,5800.75,5800.75,5800.75,5800.75,0
2019-05-08,5739.88,5739.88,5739.88,5739.88,0
2019-05-09,5719.88,5719.88,5719.88,5719.88,0
2019-05-10,5724.23,5724.23,5724.23,5724.23,0
2019-05-13,5632.99,5632.99,5632.99,5632.99,0
2019-05-14,5661.22,5661.22,5661.22,5661.22,0
2019-05-15,5629.95,5629.95,5629.95,5629.95,0
2019-05-16,5659.29,5659.29,5659.29,5659.29,0
2019-05-17,5722.93,5722.93,5722.93,5722.93,0
2019-05-20,5931.6,5931.6,5931.6,5931.6,0
2019-05-21,5873.58,5873.58,5873.58,5873.58,0
2019-05-22,5880.91,5880.91,5880.91,5880.91,0
2019-05-23,5860.77,5860.77,5860.77,5860.77,0
2019-05-24,5966.67,5966.67,5966.67,5966.67,0
2019-05-27,6034.52,6034.52,6034.52,6034.52,0
2019-05-28,6043.37,6043.37,6043.37,6043.37,0
2019-05-29,6006.77,6006.77,6006.77,6006.77,0
2019-05-30,6043.53,6043.53,6043.53,6043.53,0
2019-05-31,6042.41,6042.41,6042.41,6042.41,0
2019-06-03,6108.17,6108.17,6108.17,6108.17,0
2019-06-04,6088.26,6088.26,6088.26,6088.26,0
2019-06-06,5995.35,5995.35,5995.35,5995.35,0
2019-06-07,5997.2,5997.2,5997.2,5997.2,0
2019-06-10,6012.98,6012.98,6012.98,6012.98,0
2019-06-11,6042.5,6042.5,6042.5,6042.5,0
2019-06-12,6001.74,6001.74,6001.74,6001.74,0
2019-06-13,5994.63,5994.63,5994.63,5994.63,0
2019-06-14,5946.09,5946.09,5946.09,5946.09,0
2019-06-17,5871.61,5871.61,5871.61,5871.61,0
2019-06-18,5872.92,5872.92,5872.92,5872.92,0
2019-06-19,5844.35,5844.35,5844.35,5844.35,0
2019-06-20,5920.86,5920.86,5920.86,5920.86,0
2019-06-21,5896.88,5896.88,5896.88,5896.88,0
2019-06-24,5884.26,5884.26,5884.26,5884.26,0
2019-06-25,5925.22,5925.22,5925.22,5925.22,0
2019-06-26,5962.12,5962.12,5962.12,5962.12,0
2019-06-27,5977.27,5977.27,5977.27,5977.27,0
2019-06-28,5960.89,5960.89,5960.89,5960.89,0
2019-07-01,5986.04,5986.04,5986.04,5986.04,0
2019-07-02,6005.98,6005.98,6005.98,6005.98,0
2019-07-03,6013.84,6013.84,6013.84,6013.84,0
2019-07-04,6016.96,6016.96,6016.96,6016.96,0
2019-07-05,5936.55,5936.55,5936.55,5936.55,0
2019-07-08,5800.88,5800.88,5800.88,5800.88,0
2019-07-09,5810.86,5810.86,5810.86,5810.86,0
2019-07-10,5770.17,5770.17,5770.17,5770.17,0
2019-07-11,5811.72,5811.72,5811.72,5811.72,0
2019-07-12,5816.85,5816.85,5816.85,5816.85,0
2019-07-15,5805.83,5805.83,5805.83,5805.83,0
2019-07-16,5844.65,5844.65,5844.65,5844.65,0
2019-07-17,5843.67,5843.67,5843.67,5843.67,0
2019-07-18,5777.94,5777.94,5777.94,5777.94,0
2019-07-19,5679.67,5679.67,5679.67,5679.67,0
2019-07-22,5645.85,5645.85,5645.85,5645.85,0
2019-07-23,5630.95,5630.95,5630.95,5630.95,0
2019-07-24,5573.92,5573.92,5573.92,5573.92,0
2019-07-25,5584.71,5584.71,5584.71,5584.71,0
2019-07-26,5608.4,5608.4,5608.4,5608.4,0
2019-07-29,5558.87,5558.87,5558.87,5558.87,0
2019-07-30,5486.1,5486.1,5486.1,5486.1,0
2019-07-31,5524.92,5524.92,5524.92,5524.92,0
2019-08-01,5465.29,5465.29,5465.29,5465.29,0
2019-08-02,5466.44,5466.44,5466.44,5466.44,0
2019-08-05,5396.57,5396.57,5396.57,5396.57,0
2019-08-06,5465.67,5465.67,5465.67,5465.67,0
2019-08-07,5431.38,5431.38,5431.38,5431.38,0
2019-08-08,5491.48,5491.48,5491.48,5491.48,0
2019-08-09,5537.11,5537.11,5537.11,5537.11,0
2019-08-13,5438.31,5438.31,5438.31,5438.31,0
2019-08-14,5487.44,5487.44,5487.44,5487.44,0
2019-08-16,5500.62,5500.62,5500.62,5500.62,0
2019-08-19,5509.9,5509.9,5509.9,5509.9,0
2019-08-20,5479.37,5479.37,5479.37,5479.37,0
2019-08-21,5416.77,5416.77,5416.77,5416.77,0
2019-08-22,5327.48,5327.48,5327.48,5327.48,0
2019-08-23,5372.73,5372.73,5372.73,5372.73,0
2019-08-26,5464.88,5464.88,5464.88,5464.88,0
2019-08-27,5503.25,5503.25,5503.25,5503.25,0
2019-08-28,5465.31,5465.31,5465.31,5465.31,0
2019-08-29,5433.22,5433.22,5433.22,5433.22,0
2019-08-30,5479.67,5479.67,5479.67,5479.67,0
2019-09-03,5381.71,5381.71,5381.71,5381.71,0
2019-09-04,5400.77,5400.77,5400.77,5400.77,0
2019-09-05,5409.91,5409.91,5409.91,5409.91,0
2019-09-06,5450.58,5450.58,5450.58,5450.58,0
2019-09-09,5493.21,5493.21,5493.21,5493.21,0
2019-09-11,5524.08,5524.08,5524.08,5524.08,0
2019-09-12,5504.73,5504.73,5504.73,5504.73,0
2019-09-13,5541.74,5541.74,5541.74,5541.74,0
2019-09-16,5522.95,5522.95,5522.95,5522.95,0
2019-09-17,5426.34,5426.34,5426.34,5426.34,0
2019-09-18,5442.78,5442.78,5442.78,5442.78,0
2019-09-19,5369.51,5369.51,5369.51,5369.51,0
2019-09-20,5665.15,5665.15,5665.15,5665.15,0
2019-09-23,5820.35,5820.35,5820.35,5820.35,0
2019-09-24,5803.56,5803.56,5803.56,5803.56,0
2019-09-25,5718.73,5718.73,5718.73,5718.73,0
2019-09-26,5774.27,5774.27,5774.27,5774.27,0
2019-09-27,5736.87,5736.87,5736.87,5736.87,0
2019-09-30,5687.47,5687.47,5687.47,5687.47,0
2019-10-01,5612.89,5612.89,5612.89,5612.89,0
2019-10-03,5597.46,5597.46,5597.46,5597.46,0
2019-10-04,5540.23,5540.23,5540.23,5540.23,0
2019-10-07,5516.73,5516.73,5516.73,5516.73,0
2019-10-09,5593.61,5593.61,5593.61,5593.61,0
2019-10-10,5547.91,5547.91,5547.91,5547.91,0
2019-10-11,5570.65,5570.65,5570.65,5570.65,0
2019-10-14,5588.48,5588.48,5588.48,5588.48,0
2019-10-15,5618.49,5618.49,5618.49,5618.49,0
2019-10-16,5624.5,5624.5,5624.5,5624.5,0
2019-10-17,5701.94,5701.94,5701.94,5701.94,0
2019-10-18,5772.73,5772.73,5772.73,5772.73,0
2019-10-22,5762.06,5762.06,5762.06,5762.06,0
2019-10-23,5768.82,5768.82,5768.82,5768.82,0
2019-10-24,5756.8,5756.8,5756.8,5756.8,0
2019-10-25,5751.66,5751.66,5751.66,5751.66,0
2019-10-27,5786.27,5786.27,5786.27,5786.27,0
2019-10-29,5854.45,5854.45,5854.45,5854.45,0
2019-10-30,5883.23,5883.23,5883.23,5883.23,0
2019-10-31,5929.44,5929.44,5929.44,5929.44,0
2019-11-01,5942.04,5942.04,5942.04,5942.04,0
2019-11-04,5949.44,5949.44,5949.44,5949.44,0
2019-11-05,5913.87,5913.87,5913.87,5913.87,0
2019-11-06,5922.15,5922.15,5922.15,5922.15,0
2019-11-07,5953.69,5953.69,5953.69,5953.69,0
2019-11-08,5908.94,5908.94,5908.94,5908.94,0
2019-11-11,5926.72,5926.72,5926.72,5926.72,0
2019-11-13,5885.26,5885.26,5885.26,5885.26,0
2019-11-14,5897.7,5897.7,5897.7,5897.7,0
2019-11-15,5911.09,5911.09,5911.09,5911.09,0
2019-11-18,5927.57,5927.57,5927.57,5927.57,0
2019-11-19,5946.61,5946.61,5946.61,5946.61,0
2019-11-20,5966.92,5966.92,5966.92,5966.92,0
2019-11-21,5937.65,5937.65,5937.65,5937.65,0
2019-11-22,5926.72,5926.72,5926.72,5926.72,0
2019-11-25,5995.69,5995.69,5995.69,5995.69,0
2019-11-26,5963.16,5963.16,5963.16,5963.16,0
2019-11-27,6000.97,6000.97,6000.97,6000.97,0
2019-11-28,6040.58,6040.58,6040.58,6040.58,0
2019-11-29,6023.45,6023.45,6023.45,6023.45,0
2019-12-02,6005.67,6005.67,6005.67,6005.67,0
2019-12-03,5963.24,5963.24,5963.24,5963.24,0
2019-12-04,5992.32,5992.32,5992.32,5992.32,0
2019-12-05,5977.22,5977.22,5977.22,5977.22,0
2019-12-06,5914.17,5914.17,5914.17,5914.17,0
2019-12-09,5917.01,5917.01,5917.01,5917.01,0
2019-12-10,5863.07,5863.07,5863.07,5863.07,0
2019-12-11,5893.14,5893.14,5893.14,5893.14,0
2019-12-12,5930.6,5930.6,5930.6,5930.6,0
2019-12-13,5986.57,5986.57,5986.57,5986.57,0
2019-12-16,5964.46,5964.46,5964.46,5964.46,0
2019-12-17,6005.28,6005.28,6005.28,6005.28,0
2019-12-18,6011.09,6011.09,6011.09,6011.09,0
2019-12-19,6024.89,6024.89,6024.89,6024.89,0
2019-12-20,6029.33,6029.33,6029.33,6029.33,0
2019-12-23,6022.1,6022.1,6022.1,6022.1,0
2019-12-24,6008.12,6008.12,6008.12,6008.12,0
2019-12-26,5991.74,5991.74,5991.74,5991.74,0
2019-12-27,6047.07,6047.07,6047.07,6047.07,0
2019-12-30,6061.88,6061.88,6061.88,6061.88,0
2019-12-31,6045.55,6045.55,6045.55,6045.55,0
2020-01-01,6059.15,6059.15,6059.15,6059.15,0
2020-01-02,6122.02,6122.02,6122.02,6122.02,0
2020-01-03,6095.58,6095.58,6095.58,6095.58,0
2020-01-06,5971.95,5971.95,5971.95,5971.95,0
2020-01-07,6009.32,6009.32,6009.32,6009.32,0
2020-01-08,6009.05,6009.05,6009.05,6009.05,0
2020-01-09,6097.59,6097.59,6097.59,6097.59,0
2020-01-10,6116.72,6116.72,6116.72,6116.72,0
2020-01-13,6156.13,6156.13,6156.13,6156.13,0
2020-01-14,6185.84,6185.84,6185.84,6185.84,0
2020-01-15,6212.26,6212.26,6212.26,6212.26,0
2020-01-16,6241.23,6241.23,6241.23,6241.23,0
2020-01-17,6255.63,6255.63,6255.63,6255.63,0
2020-01-20,6210.29,6210.29,6210.29,6210.29,0
2020-01-21,6193.13,6193.13,6193.13,6193.13,0
2020-01-22,6172.78,6172.78,6172.78,6172.78,0
2020-01-23,6233.14,6233.14,6233.14,6233.14,0
2020-01-24,6276.65,6276.65,6276.65,6276.65,0
2020-01-27,6240.6,6240.6,6240.6,6240.6,0
2020-01-28,6220.32,6220.32,6220.32,6220.32,0
2020-01-29,6247.48,6247.48,6247.48,6247.48,0
2020-01-30,6196.65,6196.65,6196.65,6196.65,0
2020-01-31,6163.12,6163.12,6163.12,6163.12,0
2020-02-01,6008.7,6008.7,6008.7,6008.7,0
2020-02-03,6048.17,6048.17,6048.17,6048.17,0
2020-02-04,6150.05,6150.05,6150.05,6150.05,0
2020-02-05,6214.01,6214.01,6214.01,6214.01,0
2020-02-06,6247.28,6247.28,6247.28,6247.28,0
2020-02-07,6265.14,6265.14,6265.14,6265.14,0
2020-02-10,6227.47,6227.47,6227.47,6227.47,0
2020-02-11,6245.25,6245.25,6245.25,6245.25,0
2020-02-12,6260.75,6260.75,6260.75,6260.75,0
2020-02-13,6250.5,6250.5,6250.5,6250.5,0
2020-02-14,6212.96,6212.96,6212.96,6212.96,0
2020-02-17,6165.33,6165.33,6165.33,6165.33,0
2020-02-18,6134.11,6134.11,6134.11,6134.11,0
2020-02-19,6216.26,6216.26,6216.26,6216.26,0
2020-02-20,6230.34,6230.34,6230.34,6230.34,0
2020-02-24,6111.14,6111.14,6111.14,6111.14,0
2020-02-25,6087.33,6087.33,6087.33,6087.33,0
2020-02-26,6019.83,6019.83,6019.83,6019.83,0
2020-02-27,5987.43,5987.43,5987.43,5987.43,0
2020-02-28,5788.35,5788.35,5788.35,5788.35,0
2020-03-02,5752.7,5752.7,5752.7,5752.7,0
2020-03-03,5848.34,5848.34,5848.34,5848.34,0
2020-03-04,5788.63,5788.63,5788.63,5788.63,0
2020-03-05,5801.89,5801.89,5801.89,5801.89,0
2020-03-06,5673.15,5673.15,5673.15,5673.15,0
2020-03-09,5417.44,5417.44,5417.44,5417.44,0
2020-03-11,5396.16,5396.16,5396.16,5396.16,0
2020-03-12,4959.38,4959.38,4959.38,4959.38,0
2020-03-13,5107.21,5107.21,5107.21,5107.21,0
2020-03-16,4771.17,4771.17,4771.17,4771.17,0
2020-03-17,4659.08,4659.08,4659.08,4659.08,0
2020-03-18,4406.51,4406.51,4406.51,4406.51,0
2020-03-19,4261.67,4261.67,4261.67,4261.67,0
2020-03-20,4472.35,4472.35,4472.35,4472.35,0
2020-03-23,3894.57,3894.57,3894.57,3894.57,0
2020-03-24,3960.05,3960.05,3960.05,3960.05,0
2020-03-25,4149.43,4149.43,4149.43,4149.43,0
2020-03-26,4310.97,4310.97,4310.97,4310.97,0
2020-03-27,4306.46,4306.46,4306.46,4306.46,0
2020-03-30,4170.35,4170.35,4170.35,4170.35,0
2020-03-31,4304.47,4304.47,4304.47,4304.47,0
2020-04-01,4183.36,4183.36,4183.36,4183.36,0
2020-04-03,4114.17,4114.17,4114.17,4114.17,0
2020-04-07,4388.44,4388.44,4388.44,4388.44,0
2020-04-08,4419.82,4419.82,4419.82,4419.82,0
2020-04-09,4581.1,4581.1,4581.1,4581.1,0
2020-04-13,4529.74,4529.74,4529.74,4529.74,0
2020-04-15,4545.85,4545.85,4545.85,4545.85,0
2020-04-16,4597.84,4597.84,4597.84,4597.84,0
2020-04-17,4713.4,4713.4,4713.4,4713.4,0
2020-04-20,4721.45,4721.45,4721.45,4721.45,0
2020-04-21,4586.4,4586.4,4586.4,4586.4,0
2020-04-22,4652.39,4652.39,4652.39,4652.39,0
2020-04-23,4706.86,4706.86,4706.86,4706.86,0
2020-04-24,4625.5,4625.5,4625.5,4625.5,0
2020-04-27,4698.68,4698.68,4698.68,4698.68,0
2020-04-28,4745.63,4745.63,4745.63,4745.63,0
2020-04-29,4816.13,4816.13,4816.13,4816.13,0
2020-04-30,4933.99,4933.99,4933.99,4933.99,0
2020-05-04,4700.83,4700.83,4700.83,4700.83,0
2020-05-05,4661.67,4661.67,4661.67,4661.67,0
2020-05-06,4691.39,4691.39,4691.39,4691.39,0
2020-05-07,4660.76,4660.76,4660.76,4660.76,0
2020-05-08,4667.32,4667.32,4667.32,4667.32,0
2020-05-11,4677.19,4677.19,4677.19,4677.19,0
2020-05-12,4652.14,4652.14,4652.14,4652.14,0
2020-05-13,4741.36,4741.36,4741.36,4741.36,0
2020-05-14,4674.95,4674.95,4674.95,4674.95,0
2020-05-15,4665.92,4665.92,4665.92,4665.92,0
2020-05-18,4495.32,4495.32,4495.32,4495.32,0
2020-05-19,4515.48,4515.48,4515.48,4515.48,0
2020-05-20,4594.91,4594.91,4594.91,4594.91,0
2020-05-21,4626.11,4626.11,4626.11,4626.11,0
2020-05-22,4595.93,4595.93,4595.93,4595.93,0
2020-05-26,4619.48,4619.48,4619.48,4619.48,0
2020-05-27,4691.58,4691.58,4691.58,4691.58,0
2020-05-28,4769.29,4769.29,4769.29,4769.29,0
2020-05-29,4826.73,4826.73,4826.73,4826.73,0
2020-06-01,4954.7,4954.7,4954.7,4954.7,0
2020-06-02,5023.47,5023.47,5023.47,5023.47,0
2020-06-03,5060.71,5060.71,5060.71,5060.71,0
2020-06-04,5049.33,5049.33,5049.33,5049.33,0
2020-06-05,5124.38,5124.38,5124.38,5124.38,0
2020-06-08,5141.29,5141.29,5141.29,5141.29,0
2020-06-09,5099.81,5099.81,5099.81,5099.81,0
2020-06-10,5142.78,5142.78,5142.78,5142.78,0
2020-06-11,5057.73,5057.73,5057.73,5057.73,0
2020-06-12,5100.58,5100.58,5100.58,5100.58,0
2020-06-15,5035.52,5035.52,5035.52,5035.52,0
2020-06-16,5072.7,5072.7,5072.7,5072.7,0
2020-06-17,5074.22,5074.22,5074.22,5074.22,0
2020-06-18,5152.75,5152.75,5152.75,5152.75,0
2020-06-19,5223.28,5223.28,5223.28,5223.28,0
2020-06-22,5285.31,5285.31,5285.31,5285.31,0
2020-06-23,5369.69,5369.69,5369.69,5369.69,0
2020-06-24,5299.77,5299.77,5299.77,5299.77,0
2020-06-25,5321.27,5321.27,5321.27,5321.27,0
2020-06-26,5344.55,5344.55,5344.55,5344.55,0
2020-06-29,5286.53,5286.53,5286.53,5286.53,0
2020-06-30,5276.28,5276.28,5276.28,5276.28,0
2020-07-01,5311.08,5311.08,5311.08,5311.08,0
2020-07-02,5369.14,5369.14,5369.14,5369.14,0
2020-07-03,5402.09,5402.09,5402.09,5402.09,0
2020-07-06,5480.58,5480.58,5480.58,5480.58,0
2020-07-07,5504.21,5504.21,5504.21,5504.21,0
2020-07-08,5466.74,5466.74,5466.74,5466.74,0
2020-07-09,5494.33,5494.33,5494.33,5494.33,0
2020-07-10,5465.19,5465.19,5465.19,5465.19,0
2020-07-13,5468.24,5468.24,5468.24,5468.24,0
2020-07-14,5392.05,5392.05,5392.05,5392.05,0
2020-07-15,5383.06,5383.06,5383.06,5383.06,0
2020-07-16,5421.36,5421.36,5421.36,5421.36,0
2020-07-17,5494.32,5494.32,5494.32,5494.32,0
2020-07-20,5548.19,5548.19,5548.19,5548.19,0
2020-07-21,5583.38,5583.38,5583.38,5583.38,0
2020-07-22,5573.88,5573.88,5573.88,5573.88,0
2020-07-23,5614.45,5614.45,5614.45,5614.45,0
2020-07-24,5599.19,5599.19,5599.19,5599.19,0
2020-07-27,5551.09,5551.09,5551.09,5551.09,0
2020-07-28,5610.42,5610.42,5610.42,5610.42,0
2020-07-29,5603.04,5603.04,5603.04,5603.04,0
2020-07-30,5562.33,5562.33,5562.33,5562.33,0
2020-07-31,5574.3,5574.3,5574.3,5574.3,0
2020-08-03,5534.62,5534.62,5534.62,5534.62,0
2020-08-04,5609.53,5609.53,5609.53,5609.53,0
2020-08-05,5625.04,5625.04,5625.04,5625.04,0
2020-08-06,5680.78,5680.78,5680.78,5680.78,0
2020-08-07,5720.8,5720.8,5720.8,5720.8,0
2020-08-10,5773.77,5773.77,5773.77,5773.77,0
2020-08-11,5772.69,5772.69,5772.69,5772.69,0
2020-08-12,5770.61,5770.61,5770.61,5770.61,0
2020-08-13,5813.41,5813.41,5813.41,5813.41,0
2020-08-14,5761.04,5761.04,5761.04,5761.04,0
2020-08-17,5789.86,5789.86,5789.86,5789.86,0
2020-08-18,5862.18,5862.18,5862.18,5862.18,0
2020-08-19,5888.33,5888.33,5888.33,5888.33,0
2020-08-20,5890.33,5890.33,5890.33,5890.33,0
2020-08-21,5926.75,5926.75,5926.75,5926.75,0
2020-08-24,5974.8,5974.8,5974.8,5974.8,0
2020-08-25,5986.74,5986.74,5986.74,5986.74,0
2020-08-26,6019.7,6019.7,6019.7,6019.7,0
2020-08-27,6028.5,6028.5,6028.5,6028.5,0
2020-08-28,6067.58,6067.58,6067.58,6067.58,0
2020-08-31,5877.85,5877.85,5877.85,5877.85,0
2020-09-01,5923.53,5923.53,5923.53,5923.53,0
2020-09-02,5986.72,5986.72,5986.72,5986.72,0
2020-09-03,6012.89,6012.89,6012.89,6012.89,0
2020-09-04,5914.85,5914.85,5914.85,5914.85,0
2020-09-07,5897.29,5897.29,5897.29,5897.29,0
2020-09-08,5850.14,5850.14,5850.14,5850.14,0
2020-09-09,5822.94,5822.94,5822.94,5822.94,0
2020-09-10,5898.08,5898.08,5898.08,5898.08,0
2020-09-11,5922.47,5922.47,5922.47,5922.47,0
2020-09-14,5996.69,5996.69,5996.69,5996.69,0
2020-09-15,6055.39,6055.39,6055.39,6055.39,0
2020-09-16,6085.68,6085.68,6085.68,6085.68,0
2020-09-17,6051.11,6051.11,6051.11,6051.11,0
2020-09-18,6045.04,6045.04,6045.04,6045.04,0
2020-09-21,5870.61,5870.61,5870.61,5870.61,0
2020-09-22,5794.92,5794.92,5794.92,5794.92,0
2020-09-23,5778.18,5778.18,5778.18,5778.18,0
2020-09-24,5635.21,5635.21,5635.21,5635.21,0
2020-09-25,5770.76,5770.76,5770.76,5770.76,0
2020-09-30,5902.99,5902.99,5902.99,5902.99,0
2020-10-01,5966.7,5966.7,5966.7,5966.7,0
2020-10-05,5984.83,5984.83,5984.83,5984.83,0
2020-10-06,6038.55,6038.55,6038.55,6038.55,0
2020-10-07,6038.67,6038.67,6038.67,6038.67,0
2020-10-08,6058.96,6058.96,6058.96,6058.96,0
2020-10-09,6068.76,6068.76,6068.76,6068.76,0
2020-10-12,6055.91,6055.91,6055.91,6055.91,0
2020-10-13,6041.25,6041.25,6041.25,6041.25,0
2020-10-14,6047.89,6047.89,6047.89,6047.89,0
2020-10-15,5930.66,5930.66,5930.66,5930.66,0
2020-10-16,5981.98,5981.98,5981.98,5981.98,0
2020-10-19,6027.65,6027.65,6027.65,6027.65,0
2020-10-20,6049.33,6049.33,6049.33,6049.33,0
2020-10-21,6063.03,6063.03,6063.03,6063.03,0
2020-10-22,6074.3,6074.3,6074.3,6074.3,0
2020-10-23,6103.57,6103.57,6103.57,6103.57,0
2020-10-26,6017.54,6017.54,6017.54,6017.54,0
2020-10-27,6084.24,6084.24,6084.24,6084.24,0
2020-10-28,6020.55,6020.55,6020.55,6020.55,0
2020-10-29,5998.03,5998.03,5998.03,5998.03,0
2020-10-30,6003.6,6003.6,6003.6,6003.6,0
2020-11-02,6016.51,6016.51,6016.51,6016.51,0
2020-11-03,6073.35,6073.35,6073.35,6073.35,0
2020-11-04,6112.46,6112.46,6112.46,6112.46,0
2020-11-05,6219.67,6219.67,6219.67,6219.67,0
2020-11-06,6273.96,6273.96,6273.96,6273.96,0
2020-11-09,6349.56,6349.56,6349.56,6349.56,0
2020-11-10,6390.98,6390.98,6390.98,6390.98,0
2020-11-11,6429.95,6429.95,6429.95,6429.95,0
2020-11-12,6436.06,6436.06,6436.06,6436.06,0
2020-11-13,6476.31,6476.31,6476.31,6476.31,0
2020-11-14,6510.41,6510.41,6510.41,6510.41,0
2020-11-17,6575.23,6575.23,6575.23,6575.23,0
2020-11-18,6638.08,6638.08,6638.08,6638.08,0
2020-11-19,6583.0,6583.0,6583.0,6583.0,0
2020-11-20,6637.02,6637.02,6637.02,6637.02,0
2020-11-23,6695.18,6695.18,6695.18,6695.18,0
2020-11-24,6754.29,6754.29,6754.29,6754.29,0
2020-11-25,6651.59,6651.59,6651.59,6651.59,0
2020-11-26,6707.59,6707.59,6707.59,6707.59,0
2020-11-27,6787.85,6787.85,6787.85,6787.85,0
2020-12-01,6855.34,6855.34,6855.34,6855.34,0
2020-12-02,6881.17,6881.17,6881.17,6881.17,0
2020-12-03,6904.81,6904.81,6904.81,6904.81,0
2020-12-04,6947.35,6947.35,6947.35,6947.35,0
2020-12-07,7010.51,7010.51,7010.51,7010.51,0
2020-12-08,7016.44,7016.44,7016.44,7016.44,0
2020-12-09,7067.23,7067.23,7067.23,7067.23,0
2020-12-10,7031.64,7031.64,7031.64,7031.64,0
2020-12-11,7048.52,7048.52,7048.52,7048.52,0
2020-12-14,7080.31,7080.31,7080.31,7080.31,0
2020-12-15,7091.68,7091.68,7091.68,7091.68,0
2020-12-16,7160.06,7160.06,7160.06,7160.06,0
2020-12-17,7164.59,7164.59,7164.59,7164.59,0
2020-12-18,7164.43,7164.43,7164.43,7164.43,0
2020-12-21,6895.02,6895.02,6895.02,6895.02,0
2020-12-22,6953.99,6953.99,6953.99,6953.99,0
2020-12-23,7071.36,7071.36,7071.36,7071.36,0
2020-12-24,7116.73,7116.73,7116.73,7116.73,0
2020-12-28,7185.59,7185.59,7185.59,7185.59,0
2020-12-29,7195.5,7195.5,7195.5,7195.5,0
2020-12-30,7220.71,7220.71,7220.71,7220.71,0
2020-12-31,7234.79,7234.79,7234.79,7234.79,0
2021-01-01,7288.37,7288.37,7288.37,7288.37,0
2021-01-04,7374.24,7374.24,7374.24,7374.24,0
2021-01-05,7425.81,7425.81,7425.81,7425.81,0
2021-01-06,7426.46,7426.46,7426.46,7426.46,0
2021-01-07,7473.9,7473.9,7473.9,7473.9,0
2021-01-08,7566.68,7566.68,7566.68,7566.68,0
2021-01-11,7591.96,7591.96,7591.96,7591.96,0
2021-01-12,7626.42,7626.42,7626.42,7626.42,0
2021-01-13,7603.77,7603.77,7603.77,7603.77,0
2021-01-14,7616.3,7616.3,7616.3,7616.3,0
2021-01-15,7531.46,7531.46,7531.46,7531.46,0
2021-01-18,7417.01,7417.01,7417.01,7417.01,0
2021-01-19,7559.26,7559.26,7559.26,7559.26,0
2021-01-20,7624.56,7624.56,7624.56,7624.56,0
2021-01-21,7568.28,7568.28,7568.28,7568.28,0
2021-01-22,7467.22,7467.22,7467.22,7467.22,0
2021-01-25,7393.4,7393.4,7393.4,7393.4,0
2021-01-27,7272.8,7272.8,7272.8,7272.8,0
2021-01-28,7215.09,7215.09,7215.09,7215.09,0
2021-01-29,7154.54,7154.54,7154.54,7154.54,0
2021-02-01,7421.27,7421.27,7421.27,7421.27,0
2021-02-02,7599.41,7599.41,7599.41,7599.41,0
2021-02-03,7686.59,7686.59,7686.59,7686.59,0
2021-02-04,7766.82,7766.82,7766.82,7766.82,0
2021-02-05,7734.16,7734.16,7734.16,7734.16,0
2021-02-08,7841.41,7841.41,7841.41,7841.41,0
2021-02-09,7841.46,7841.46,7841.46,7841.46,0
2021-02-10,7870.24,7870.24,7870.24,7870.24,0
2021-02-11,7896.37,7896.37,7896.37,7896.37,0
2021-02-12,7891.05,7891.05,7891.05,7891.05,0
2021-02-15,7977.61,7977.61,7977.61,7977.61,0
2021-02-16,8000.39,8000.39,8000.39,8000.39,0
2021-02-17,7989.64,7989.64,7989.64,7989.64,0
2021-02-18,7988.7,7988.7,7988.7,7988.7,0
2021-02-19,7896.34,7896.34,7896.34,7896.34,0
2021-02-22,7770.56,7770.56,7770.56,7770.56,0
2021-02-23,7819.73,7819.73,7819.73,7819.73,0
2021-02-24,7923.03,7923.03,7923.03,7923.03,0
2021-02-25,8009.87,8009.87,8009.87,8009.87,0
2021-02-26,7820.44,7820.44,7820.44,7820.44,0
2021-03-01,7939.01,7939.01,7939.01,7939.01,0
2021-03-02,8047.8,8047.8,8047.8,8047.8,0
2021-03-03,8196.18,8196.18,8196.18,8196.18,0
2021-03-04,8180.72,8180.72,8180.72,8180.72,0
2021-03-05,8058.33,8058.33,8058.33,8058.33,0
2021-03-08,8076.45,8076.45,8076.45,8076.45,0
2021-03-09,8090.67,8090.67,8090.67,8090.67,0
2021-03-10,8142.16,8142.16,8142.16,8142.16,0
2021-03-12,8092.56,8092.56,8092.56,8092.56,0
2021-03-15,8038.39,8038.39,8038.39,8038.39,0
2021-03-16,8048.54,8048.54,8048.54,8048.54,0
2021-03-17,7904.55,7904.55,7904.55,7904.55,0
2021-03-18,7805.11,7805.11,7805.11,7805.11,0
2021-03-19,7887.15,7887.15,7887.15,7887.15,0
2021-03-22,7922.23,7922.23,7922.23,7922.23,0
2021-03-23,7974.53,7974.53,7974.53,7974.53,0
2021-03-24,7832.54,7832.54,7832.54,7832.54,0
2021-03-25,7698.42,7698.42,7698.42,7698.42,0
2021-03-26,7805.91,7805.91,7805.91,7805.91,0
2021-03-30,7953.9,7953.9,7953.9,7953.9,0
2021-03-31,7935.05,7935.05,7935.05,7935.05,0
2021-04-01,8046.98,8046.98,8046.98,8046.98,0
2021-04-05,7933.55,7933.55,7933.55,7933.55,0
2021-04-06,7975.15,7975.15,7975.15,7975.15,0
2021-04-07,8060.58,8060.58,8060.58,8060.58,0
2021-04-08,8101.61,8101.61,8101.61,8101.61,0
2021-04-09,8099.2,8099.2,8099.2,8099.2,0
2021-04-12,7739.27,7739.27,7739.27,7739.27,0
2021-04-13,7845.2,7845.2,7845.2,7845.2,0
2021-04-15,7867.81,7867.81,7867.81,7867.81,0
2021-04-16,7922.91,7922.91,7922.91,7922.91,0
2021-04-19,7776.67,7776.67,7776.67,7776.67,0
2021-04-20,7772.97,7772.97,7772.97,7772.97,0
2021-04-22,7814.66,7814.66,7814.66,7814.66,0
2021-04-23,7813.23,7813.23,7813.23,7813.23,0
2021-04-26,7880.44,7880.44,7880.44,7880.44,0
2021-04-27,7981.05,7981.05,7981.05,7981.05,0
2021-04-28,8076.38,8076.38,8076.38,8076.38,0
2021-04-29,8073.89,8073.89,8073.89,8073.89,0
2021-04-30,7992.27,7992.27,7992.27,7992.27,0
2021-05-03,8014.21,8014.21,8014.21,8014.21,0
2021-05-04,7967.68,7967.68,7967.68,7967.68,0
2021-05-05,8039.02,8039.02,8039.02,8039.02,0
2021-05-06,8096.04,8096.04,8096.04,8096.04,0
2021-05-07,8107.57,8107.57,8107.57,8107.57,0
2021-05-10,8167.01,8167.01,8167.01,8167.01,0
2021-05-11,8179.69,8179.69,8179.69,8179.69,0
2021-05-12,8117.83,8117.83,8117.83,8117.83,0
2021-05-14,8045.99,8045.99,8045.99,8045.99,0
2021-05-17,8177.74,8177.74,8177.74,8177.74,0
2021-05-18,8296.76,8296.76,8296.76,8296.76,0
2021-05-19,8282.61,8282.61,8282.61,8282.61,0
2021-05-20,8247.62,8247.62,8247.62,8247.62,0
2021-05-21,8344.12,8344.12,8344.12,8344.12,0
2021-05-24,8384.54,8384.54,8384.54,8384.54,0
2021-05-25,8382.31,8382.31,8382.31,8382.31,0
2021-05-26,8409.78,8409.78,8409.78,8409.78,0
2021-05-27,8443.75,8443.75,8443.75,8443.75,0
2021-05-28,8463.77,8463.77,8463.77,8463.77,0
2021-05-31,8521.2,8521.2,8521.2,8521.2,0
2021-06-01,8510.62,8510.62,8510.62,8510.62,0
2021-06-02,8577.0,8577.0,8577.0,8577.0,0
2021-06-03,8646.99,8646.99,8646.99,8646.99,0
2021-06-04,8674.15,8674.15,8674.15,8674.15,0
2021-06-07,8747.96,8747.96,8747.96,8747.96,0
2021-06-08,8775.83,8775.83,8775.83,8775.83,0
2021-06-09,8713.2,8713.2,8713.2,8713.2,0
2021-06-10,8809.43,8809.43,8809.43,8809.43,0
2021-06-11,8836.29,8836.29,8836.29,8836.29,0
2021-06-14,8823.69,8823.69,8823.69,8823.69,0
2021-06-15,8864.7,8864.7,8864.7,8864.7,0
2021-06-16,8794.73,8794.73,8794.73,8794.73,0
2021-06-17,8724.79,8724.79,8724.79,8724.79,0
2021-06-18,8679.2,8679.2,8679.2,8679.2,0
2021-06-21,8727.41,8727.41,8727.41,8727.41,0
2021-06-22,8744.35,8744.35,8744.35,8744.35,0
2021-06-23,8713.35,8713.35,8713.35,8713.35,0
2021-06-24,8723.89,8723.89,8723.89,8723.89,0
2021-06-25,8783.74,8783.74,8783.74,8783.74,0
2021-06-28,8797.09,8797.09,8797.09,8797.09,0
2021-06-29,8761.16,8761.16,8761.16,8761.16,0
2021-06-30,8768.45,8768.45,8768.45,8768.45,0
2021-07-01,8750.56,8750.56,8750.56,8750.56,0
2021-07-02,8786.06,8786.06,8786.06,8786.06,0
2021-07-05,8834.42,8834.42,8834.42,8834.42,0
2021-07-06,8835.0,8835.0,8835.0,8835.0,0
2021-07-07,8872.92,8872.92,8872.92,8872.92,0
2021-07-08,8817.85,8817.85,8817.85,8817.85,0
2021-07-09,8830.37,8830.37,8830.37,8830.37,0
2021-07-12,8849.54,8849.54,8849.54,8849.54,0
2021-07-13,8889.65,8889.65,8889.65,8889.65,0
2021-07-14,8914.44,8914.44,8914.44,8914.44,0
2021-07-15,8948.99,8948.99,8948.99,8948.99,0
2021-07-16,8964.61,8964.61,8964.61,8964.61,0
2021-07-19,8890.44,8890.44,8890.44,8890.44,0
2021-07-20,8796.51,8796.51,8796.51,8796.51,0
2021-07-22,8901.93,8901.93,8901.93,8901.93,0
2021-07-23,8914.7,8914.7,8914.7,8914.7,0
2021-07-26,8909.79,8909.79,8909.79,8909.79,0
2021-07-27,8866.68,8866.68,8866.68,8866.68,0
2021-07-28,8841.74,8841.74,8841.74,8841.74,0
2021-07-29,8891.17,8891.17,8891.17,8891.17,0
2021-07-30,8930.27,8930.27,8930.27,8930.27,0
2021-08-02,9024.64,9024.64,9024.64,9024.64,0
2021-08-03,9098.26,9098.26,9098.26,9098.26,0
2021-08-04,9079.86,9079.86,9079.86,9079.86,0
2021-08-05,9088.2,9088.2,9088.2,9088.2,0
2021-08-06,9077.31,9077.31,9077.31,9077.31,0
2021-08-09,9099.04,9106.7,9004.29,9049.54,0
2021-08-10,9070.79,9087.45,8944.1,9001.35,0
2021-08-11,9018.54,9031.15,8855.9,8981.7,0
2021-08-12,9000.4,9055.4,8988.85,9049.4,0
2021-08-13,9069.65,9102.2,9063.79,9084.25,0
2021-08-16,9086.35,9097.25,9050.5,9077.54,0
2021-08-17,9076.45,9114.4,9040.45,9109.35,0
2021-08-18,9145.45,9158.79,9096.79,9110.65,0
2021-08-20,9028.7,9083.65,8967.75,8988.75,0
2021-08-23,9067.1,9076.15,8899.25,8963.45,0
2021-08-24,9001.25,9061.5,8975.35,9054.65,0
2021-08-25,9085.2,9109.04,9058.85,9079.04,0
2021-08-26,9096.15,9121.29,9067.35,9090.2,0
2021-08-27,9108.4,9166.6,9068.65,9157.25,0
2021-08-30,9199.9,9313.1,9196.0,9304.45,0
2021-08-31,9324.6,9400.25,9302.9,9391.65,0
2021-09-01,9434.9,9454.1,9378.45,9412.04,0
2021-09-02,9426.2,9499.79,9412.35,9493.79,0
2021-09-03,9527.79,9547.9,9489.25,9537.65,0
2021-09-06,9579.5,9593.75,9554.04,9571.45,0
2021-09-07,9591.65,9602.95,9501.35,9555.65,0
2021-09-08,9570.54,9593.95,9517.7,9575.85,0
2021-09-09,9562.45,9603.7,9553.7,9599.2,0
2021-09-13,9601.9,9627.9,9562.9,9622.35,0
2021-09-14,9667.95,9697.2,9659.4,9690.0,0
2021-09-15,9713.2,9779.29,9707.0,9773.4,0
2021-09-16,9797.35,9829.1,9760.79,9823.85,0
2021-09-17,9868.85,9875.35,9708.9,9742.35,0
2021-09-20,9664.85,9754.95,9578.45,9592.85,0
2021-09-21,9610.35,9670.5,9511.79,9661.45,0
2021-09-22,9691.65,9753.85,9680.54,9730.4,0
2021-09-23,9802.85,9874.95,9798.5,9866.5,0
2021-09-24,9914.4,9931.6,9813.79,9833.9,0
2021-09-27,9877.0,9879.9,9788.45,9827.9,0
2021-09-28,9859.85,9862.15,9688.45,9765.45,0
2021-09-29,9724.65,9823.45,9693.65,9794.4,0
2021-09-30,9817.04,9842.0,9778.7,9797.04,0
2021-10-01,9765.5,9793.35,9727.45,9783.65,0
2021-10-04,9837.54,9913.5,9829.15,9908.25,0
2021-10-05,9907.5,9971.65,9889.15,9965.15,0
2021-10-06,10003.29,10012.95,9857.54,9874.29,0
2021-10-07,9964.4,10030.2,9956.35,10007.65,0
2021-10-08,10065.2,10079.65,10020.54,10055.6,0
2021-10-11,10073.45,10141.1,10051.45,10099.7,0
2021-10-12,10110.04,10138.9,10059.75,10132.95,0
2021-10-13,10189.2,10262.15,10174.45,10244.15,0
2021-10-14,10315.9,10353.54,10298.04,10324.95,0
2021-10-18,10428.5,10459.95,10397.5,10412.04,0
2021-10-19,10489.75,10495.35,10251.54,10284.0,0
2021-10-20,10285.2,10288.6,10069.1,10129.29,0
2021-10-21,10191.0,10194.04,9993.95,10074.5,0
2021-10-22,10102.4,10147.45,9952.75,10011.85,0
2021-10-25,10070.54,10072.7,9813.4,9927.4,0
2021-10-26,9942.65,10067.95,9940.7,10052.65,0
2021-10-27,10090.6,10107.5,10030.7,10048.6,0
2021-10-28,10048.6,10048.7,9842.2,9866.85,0
2021-10-29,9833.85,9925.4,9699.04,9819.54,0
2021-11-01,9872.6,9981.04,9835.6,9970.6,0
2021-11-02,10001.6,10030.0,9979.1,10006.6,0
2021-11-03,10042.79,10063.54,9938.6,9984.6,0
2021-11-04,10050.45,10065.85,10042.9,10054.54,0
2021-11-08,10107.75,10165.4,10009.65,10156.65,0
2021-11-09,10175.79,10219.79,10161.45,10205.29,0
2021-11-10,10179.2,10209.6,10153.95,10180.75,0
2021-11-11,10176.35,10177.54,10066.54,10110.2,0
2021-11-12,10174.45,10203.79,10107.29,10198.4,0
2021-11-15,10231.79,10247.7,10187.4,10219.54,0
2021-11-16,10234.7,10246.1,10160.25,10181.54,0
2021-11-17,10161.4,10200.85,10121.95,10134.29,0
2021-11-18,10142.4,10166.75,9976.65,10016.85,0
2021-11-22,10033.9,10037.54,9692.4,9779.35,0
2021-11-23,9716.5,9902.2,9673.85,9886.35,0
2021-11-24,9925.45,9950.79,9815.54,9847.2,0
2021-11-25,9856.7,9916.54,9804.5,9905.35,0
2021-11-26,9808.4,9829.35,9592.79,9614.29,0
2021-11-29,9573.15,9620.15,9378.25,9562.29,0
2021-11-30,9577.0,9746.0,9554.04,9580.5,0
2021-12-01,9642.04,9689.45,9596.1,9667.9,0
2021-12-02,9687.6,9798.79,9669.15,9788.2,0
2021-12-03,9809.79,9842.45,9720.4,9729.7,0
2021-12-06,9743.45,9748.2,9572.4,9585.04,0
2021-12-07,9656.29,9736.79,9618.1,9716.6,0
2021-12-08,9786.79,9875.0,9784.1,9869.0,0
2021-12-09,9908.45,9917.0,9846.95,9910.29,0
2021-12-10,9897.29,9952.9,9882.54,9945.15,0
2021-12-13,10015.2,10032.15,9896.4,9906.04,0
2021-12-14,9874.2,9903.35,9820.79,9885.0,0
2021-12-15,9892.1,9909.79,9816.04,9827.04,0
2021-12-16,9898.04,9908.45,9775.6,9799.45,0
2021-12-17,9807.6,9814.29,9606.7,9619.1,0
2021-12-20,9512.75,9521.54,9227.0,9345.15,0
2021-12-21,9415.2,9526.95,9397.29,9456.15,0
2021-12-22,9503.95,9590.95,9498.95,9580.54,0
2021-12-23,9647.15,9671.15,9630.25,9656.85,0
2021-12-24,9696.65,9699.35,9555.25,9585.2,0
2021-12-27,9551.6,9632.0,9482.35,9622.45,0
2021-12-28,9673.4,9725.65,9671.15,9718.7,0
2021-12-29,9719.1,9756.5,9700.54,9719.45,0
2021-12-30,9716.54,9733.95,9685.9,9704.04,0
2021-12-31,9729.35,9823.6,9728.4,9814.15,0
2022-01-03,9940.4,9940.4,9940.4,9940.4,0
2022-01-04,9996.2,9996.2,9996.2,9996.2,0
2022-01-05,10029.79,10029.79,10029.79,10029.79,0
2022-01-06,9982.15,9982.15,9982.15,9982.15,0
2022-01-07,10019.6,10019.6,10019.6,10019.6,0
2022-01-10,10101.65,10101.65,10101.65,10101.65,0
2022-01-11,10122.5,10122.5,10122.5,10122.5,0
2022-01-12,10225.6,10225.6,10225.6,10225.6,0
2022-01-13,10265.6,10265.6,10265.6,10265.6,0
2022-01-14,10264.9,10264.9,10264.9,10264.9,0
2022-01-17,10296.65,10296.65,10296.65,10296.65,0
2022-01-18,10328.9,10338.6,10120.6,10142.2,0
2022-01-19,10092.29,10092.29,10092.29,10092.29,0
2022-01-20,10035.75,10035.75,10035.75,10035.75,0
2022-01-21,9883.54,9883.54,9883.54,9883.54,0
2022-01-24,9562.04,9562.04,9562.04,9562.04,0
2022-01-25,9640.7,9640.7,9640.7,9640.7,0
2022-01-27,9535.1,9535.1,9535.1,9535.1,0
2022-01-28,9601.29,9601.29,9601.29,9601.29,0
2022-01-31,9738.95,9738.95,9738.95,9738.95,0
2022-02-01,9858.2,9858.2,9858.2,9858.2,0
2022-02-02,9970.04,9970.04,9970.04,9970.04,0
2022-02-03,9864.7,9864.7,9864.7,9864.7,0
2022-02-04,9816.15,9816.15,9816.15,9816.15,0
2022-02-07,9814.95,9852.04,9647.95,9695.65,0
2022-02-08,9666.45,9666.45,9666.45,9666.45,0
2022-02-09,9775.1,9775.1,9775.1,9775.1,0
2022-02-10,9823.65,9823.65,9823.65,9823.65,0
2022-02-11,9663.04,9663.04,9663.04,9663.04,0
2022-02-14,9328.7,9328.7,9328.7,9328.7,0
2022-02-15,9585.54,9585.54,9585.54,9585.54,0
2022-02-16,9569.54,9569.54,9569.54,9569.54,0
2022-02-17,9554.95,9554.95,9554.95,9554.95,0
2022-02-18,9500.6,9500.6,9500.6,9500.6,0
2022-02-21,9421.29,9421.29,9421.29,9421.29,0
2022-02-22,9349.35,9349.35,9349.35,9349.35,0
2022-02-23,9365.75,9365.75,9365.75,9365.75,0
2022-03-04,8990.4,8990.4,8990.4,8990.4,0
2022-03-07,8783.5,8783.5,8783.5,8783.5,0
2022-03-08,8875.1,8875.1,8875.1,8875.1,0
2022-03-09,9052.5,9052.5,9052.5,9052.5,0
2022-03-10,9171.95,9171.95,9171.95,9171.95,0
2022-03-11,9208.0,9208.0,9208.0,9208.0,0
2022-03-14,9269.54,9269.54,9269.54,9269.54,0
2022-03-15,9176.79,9176.79,9176.79,9176.79,0
2022-03-16,9354.54,9354.54,9354.54,9354.54,0
2022-03-17,9495.65,9495.65,9495.65,9495.65,0
2022-03-21,9439.4,9439.4,9439.4,9439.4,0
2022-03-22,9494.35,9494.35,9494.35,9494.35,0
2022-03-23,9495.75,9495.75,9495.75,9495.75,0
2022-03-24,9515.54,9515.54,9515.54,9515.54,0
2022-03-25,9489.4,9489.4,9489.4,9489.4,0
2022-03-28,9496.2,9496.2,9496.2,9496.2,0
2022-03-29,9552.7,9552.7,9552.7,9552.7,0
2022-03-30,9639.7,9639.7,9639.7,9639.7,0
2022-03-31,9650.2,9650.2,9650.2,9650.2,0
2022-04-01,9652.54,9785.1,9646.4,9771.5,0
2022-04-04,9833.15,9951.9,9830.45,9946.85,0
2022-04-05,10003.54,10003.54,10003.54,10003.54,0
2022-04-06,9993.25,9993.25,9993.25,9993.25,0
2022-04-07,9906.54,9906.54,9906.54,9906.54,0
2022-04-08,9999.79,9999.79,9999.79,9999.79,0
2022-04-11,10019.45,10019.45,10019.45,10019.45,0
2022-04-12,9885.95,9885.95,9885.95,9885.95,0
2022-04-13,9869.9,9869.9,9869.9,9869.9,0
2022-04-18,9764.29,9775.65,9671.1,9739.35,0
2022-04-19,9615.29,9615.29,9615.29,9615.29,0
2022-04-20,9691.79,9691.79,9691.79,9691.79,0
2022-04-21,9811.85,9811.85,9811.85,9811.85,0
2022-04-22,9713.6,9713.6,9713.6,9713.6,0
2022-04-25,9558.54,9558.54,9558.54,9558.54,0
2022-04-26,9704.15,9704.15,9704.15,9704.15,0
2022-04-27,9614.5,9614.5,9614.5,9614.5,0
2022-04-28,9702.35,9702.35,9702.35,9702.35,0
2022-04-29,9625.54,9625.54,9625.54,9625.54,0
2022-05-02,9590.45,9590.45,9590.45,9590.45,0
2022-05-04,9377.79,9377.79,9377.79,9377.79,0
2022-05-05,9382.35,9382.35,9382.35,9382.35,0
2022-05-06,9222.6,9222.6,9222.6,9222.6,0
2022-05-09,9102.29,9102.29,9102.29,9102.29,0
2022-05-10,8987.7,8987.7,8987.7,8987.7,0
2022-05-11,8938.95,8938.95,8938.95,8938.95,0
2022-05-12,8740.54,8740.54,8740.54,8740.54,0
2022-05-13,8773.0,8773.0,8773.0,8773.0,0
2022-05-16,8854.2,8854.2,8854.2,8854.2,0
2022-05-17,9081.4,9081.4,9081.4,9081.4,0
2022-05-18,9072.4,9072.4,9072.4,9072.4,0
2022-05-19,8828.45,8828.45,8828.45,8828.45,0
2022-05-20,9036.5,9036.5,9036.5,9036.5,0
2022-05-23,9000.1,9000.1,9000.1,9000.1,0
2022-05-24,8945.5,8945.5,8945.5,8945.5,0
2022-05-25,8809.65,8809.65,8809.65,8809.65,0
2022-05-26,8903.95,8903.95,8903.95,8903.95,0
2022-05-27,9007.35,9007.35,9007.35,9007.35,0
2022-05-30,9201.04,9201.04,9201.04,9201.04,0
2022-05-31,9183.54,9183.54,9183.54,9183.54,0
2022-06-01,9178.65,9178.65,9178.65,9178.65,0
2022-06-02,9231.7,9231.7,9231.7,9231.7,0
2022-06-03,9141.85,9141.85,9141.85,9141.85,0
2022-06-06,9127.25,9127.25,9127.25,9127.25,0
2022-06-07,9054.65,9054.65,9054.65,9054.65,0
2022-06-08,9019.9,9019.9,9019.9,9019.9,0
2022-06-09,9072.6,9072.6,9072.6,9072.6,0
2022-06-10,8968.35,8968.35,8968.35,8968.35,0
2022-06-13,8732.6,8732.6,8732.6,8732.6,0
2022-06-14,8713.7,8713.7,8713.7,8713.7,0
2022-06-15,8719.85,8719.85,8719.85,8719.85,0
2022-06-16,8531.7,8531.7,8531.7,8531.7,0
2022-06-17,8456.54,8456.54,8456.54,8456.54,0
2022-06-20,8383.95,8383.95,8383.95,8383.95,0
2022-06-21,8596.95,8596.95,8596.95,8596.95,0
2022-06-22,8469.79,8469.79,8469.79,8469.79,0
2022-06-23,8559.2,8559.2,8559.2,8559.2,0
2022-06-24,8659.85,8659.85,8659.85,8659.85,0
2022-06-27,8740.45,8740.45,8740.45,8740.45,0
2022-06-28,8762.5,8762.5,8762.5,8762.5,0
2022-06-29,8737.4,8737.4,8737.4,8737.4,0
2022-06-30,8705.95,8705.95,8705.95,8705.95,0
2022-07-01,8672.35,8735.7,8593.1,8720.15,0
2022-07-04,8773.79,8773.79,8773.79,8773.79,0
2022-07-05,8764.04,8764.04,8764.04,8764.04,0
2022-07-06,8895.85,8895.85,8895.85,8895.85,0
2022-07-07,8994.5,8994.5,8994.5,8994.5,0
2022-07-08,9027.29,9027.29,9027.29,9027.29,0
2022-07-11,9084.15,9084.15,9084.15,9084.15,0
2022-07-12,9020.6,9020.6,9020.6,9020.6,0
2022-07-13,9001.65,9001.65,9001.65,9001.65,0
2022-07-14,8991.54,8991.54,8991.54,8991.54,0
2022-07-15,9050.65,9050.65,9050.65,9050.65,0
2022-07-18,9176.04,9176.04,9176.04,9176.04,0
2022-07-19,9228.6,9228.6,9228.6,9228.6,0
2022-07-20,9278.29,9278.29,9278.29,9278.29,0
2022-07-21,9368.9,9368.9,9368.9,9368.9,0
2022-07-22,9401.7,9401.7,9401.7,9401.7,0
2022-07-25,9376.79,9376.79,9376.79,9376.79,0
2022-07-26,9282.5,9282.5,9282.5,9282.5,0
2022-07-27,9365.7,9365.7,9365.7,9365.7,0
2022-07-28,9477.35,9477.35,9477.35,9477.35,0
2022-07-29,9607.29,9607.29,9607.29,9607.29,0
2022-08-01,9734.85,9734.85,9734.85,9734.85,0
2022-08-02,9762.9,9762.9,9762.9,9762.9,0
2022-08-03,9744.6,9744.6,9744.6,9744.6,0
2022-08-04,9772.95,9772.95,9772.95,9772.95,0
2022-08-05,9789.15,9789.15,9789.15,9789.15,0
2022-08-08,9837.1,9837.1,9837.1,9837.1,0
2022-08-10,9826.75,9826.75,9826.75,9826.75,0
2022-08-11,9901.75,9901.75,9901.75,9901.75,0
2022-08-12,9945.65,9945.65,9945.65,9945.65,0
2022-08-16,10054.85,10054.85,10054.85,10054.85,0
2022-08-17,10111.0,10111.0,10111.0,10111.0,0
2022-08-18,10127.1,10127.1,10127.1,10127.1,0
2022-08-19,10010.15,10010.15,10010.15,10010.15,0
2022-08-22,9842.45,9842.45,9842.45,9842.45,0
2022-08-23,9912.95,9912.95,9912.95,9912.95,0
2022-08-24,9956.4,9956.4,9956.4,9956.4,0
2022-08-25,9941.79,9941.79,9941.79,9941.79,0
2022-08-26,9973.75,9973.75,9973.75,9973.75,0
2022-08-29,9869.45,9869.45,9869.45,9869.45,0
2022-08-30,10092.6,10092.6,10092.6,10092.6,0
2022-09-01,10053.54,10053.54,10053.54,10053.54,0
2022-09-02,10037.75,10037.75,10037.75,10037.75,0
2022-09-05,10094.75,10094.75,10094.75,10094.75,0
2022-09-06,10116.54,10116.54,10116.54,10116.54,0
2022-09-07,10137.6,10137.6,10137.6,10137.6,0
2022-09-08,10199.95,10199.95,10199.95,10199.95,0
2022-09-09,10228.9,10228.9,10228.9,10228.9,0
2022-09-12,10304.79,10304.79,10304.79,10304.79,0
2022-09-13,10349.35,10349.35,10349.35,10349.35,0
2022-09-14,10318.0,10318.0,10318.0,10318.0,0
2022-09-15,10310.35,10310.35,10310.35,10310.35,0
2022-09-16,10072.95,10072.95,10072.95,10072.95,0
2022-09-19,10098.4,10098.4,10098.4,10098.4,0
2022-09-20,10227.75,10227.75,10227.75,10227.75,0
2022-09-21,10155.85,10155.85,10155.85,10155.85,0
2022-09-22,10156.0,10156.0,10156.0,10156.0,0
2022-09-23,9960.25,9960.25,9960.25,9960.25,0
2022-09-28,9662.65,9662.65,9662.65,9662.65,0
2022-10-07,9990.35,10002.9,9914.95,9977.55,0
2022-10-10,9862.55,9932.7,9831.0,9907.5,0
2022-10-11,9929.9,9931.3,9733.1,9752.65,0
2022-10-12,9780.3,9829.9,9711.45,9818.85,0
2022-10-13,9812.55,9826.55,9721.6,9754.15,0
2022-10-14,9905.5,9916.85,9779.15,9787.2,0
2022-10-17,9764.15,9840.05,9709.9,9831.45,0
2022-10-18,9899.25,9938.15,9889.8,9931.2,0
2022-10-19,9968.45,9988.3,9920.7,9939.75,0
2022-10-20,9893.45,9956.75,9863.15,9946.8,0
2022-10-21,9974.65,9994.1,9884.9,9911.95,0
2022-10-24,10010.75,10016.75,9967.9,9979.55,0
2022-10-25,10006.35,10007.3,9945.55,9968.4,0
2022-10-27,10017.1,10044.4,9981.75,10027.7,0
2022-10-28,10043.1,10052.55,9973.85,10003.3,0
2022-10-31,10057.8,10135.8,10055.6,10131.25,0
2022-11-01,10178.2,10220.0,10158.75,10212.6,0
2022-11-02,10224.0,10232.75,10176.15,10194.6,0
2022-11-03,10140.55,10211.2,10137.1,10195.7,0
2022-11-04,10205.6,10231.1,10169.65,10210.85,0
2022-11-07,10262.95,10289.2,10208.3,10272.9,0
2022-11-09,10317.65,10318.6,10211.0,10228.95,0
2022-11-10,10188.2,10199.5,10106.4,10143.7,0
2022-11-11,10264.3,10283.0,10218.55,10236.45,0
2022-11-14,10245.45,10259.7,10212.35,10232.95,0
2022-11-15,10247.3,10258.1,10206.25,10249.45,0
2022-11-16,10255.3,10269.15,10178.5,10213.55,0
2022-11-17,10196.7,10210.2,10156.45,10169.3,0
2022-11-18,10195.05,10202.75,10082.15,10135.6,0
2022-11-21,10119.2,10123.55,10075.85,10093.85,0
2022-11-22,10109.2,10138.6,10090.8,10132.45,0
2022-11-23,10170.4,10175.6,10139.55,10151.5,0
2022-11-24,10185.6,10237.7,10171.25,10225.75,0
2022-11-25,10250.6,10285.35,10230.9,10277.55,0
2022-11-28,10260.85,10337.25,10242.45,10324.9,0
2022-11-29,10325.55,10351.5,10312.85,10324.0,0
2022-11-30,10334.15,10443.9,10332.4,10415.9,0
2022-12-01,10475.45,10489.75,10442.85,10469.7,0
2022-12-02,10462.35,10489.3,10443.0,10485.1,0
2022-12-05,10510.6,10512.15,10435.35,10488.15,0
2022-12-06,10455.45,10473.25,10426.3,10450.15,0
2022-12-07,10459.95,10470.35,10390.8,10405.65,0
2022-12-08,10423.8,10449.6,10406.6,10443.75,0
2022-12-09,10484.1,10487.75,10323.6,10388.25,0
2022-12-12,10366.7,10411.0,10306.95,10404.95,0
2022-12-13,10430.8,10457.95,10404.3,10452.2,0
2022-12-14,10487.5,10513.1,10479.75,10501.3,0
2022-12-15,10490.85,10511.4,10370.45,10388.8,0
2022-12-16,10343.25,10389.25,10255.55,10269.75,0
2022-12-19,10285.0,10344.05,10237.65,10338.45,0
2022-12-20,10310.5,10328.4,10226.4,10320.25,0
2022-12-21,10352.6,10381.2,10161.0,10181.1,0
2022-12-22,10227.1,10253.0,10059.7,10110.75,0
2022-12-23,10021.85,10049.55,9808.55,9826.35,0
2022-12-26,9833.55,10043.85,9772.7,10014.85,0
2022-12-27,10069.5,10111.85,10009.2,10097.05,0
2022-12-28,10085.5,10137.15,10055.45,10115.25,0
2022-12-29,10076.95,10160.65,10025.3,10142.8,0
2022-12-30,10195.7,10217.65,10126.7,10143.55,0
2023-01-02,10168.35,10208.2,10134.7,10200.7,0
2023-01-03,10205.15,10234.8,10187.7,10222.7,0
2023-01-04,10230.65,10240.3,10105.25,10120.5,0
2023-01-05,10154.5,10163.6,10065.6,10133.7,0
2023-01-06,10145.35,10149.05,10025.95,10060.85,0
2023-01-09,10123.7,10176.45,10109.2,10167.8,0
2023-01-10,10181.3,10181.45,10053.35,10100.35,0
2023-01-11,10115.4,10130.65,10057.45,10077.25,0
2023-01-12,10100.45,10104.1,10013.65,10058.7,0
2023-01-13,10073.4,10098.1,10010.8,10083.2,0
2023-01-16,10113.35,10133.85,10040.7,10055.9,0
2023-01-17,10072.5,10101.6,10026.65,10092.3,0
2023-01-18,10108.95,10144.9,10081.3,10138.95,0
2023-01-19,10114.15,10134.85,10088.65,10116.75,0
2023-01-20,10120.75,10126.95,10052.3,10060.2,0
2023-01-23,10091.65,10099.65,10058.25,10091.75,0
2023-01-24,10117.65,10123.0,10058.95,10073.0,0
2023-01-25,10058.75,10060.45,9914.65,9935.2,0
2023-01-27,9936.35,9941.55,9692.75,9768.65,0
2023-01-30,9736.75,9826.9,9655.05,9754.95,0
2023-01-31,9787.3,9854.25,9715.85,9837.8,0
2023-02-01,9915.7,9981.25,9620.95,9771.9,0
2023-02-02,9723.2,9811.05,9685.35,9773.5,0
2023-02-03,9809.75,9831.35,9682.25,9822.2,0
2023-02-06,9812.0,9852.25,9783.75,9843.4,0
2023-02-07,9855.35,9868.2,9789.4,9831.3,0
2023-02-08,9849.95,9926.4,9843.1,9914.7,0
2023-02-09,9925.45,9936.45,9877.3,9920.15,0
2023-02-10,9897.75,9930.25,9881.05,9921.9,0
2023-02-13,9915.0,9922.15,9816.05,9825.65,0
2023-02-14,9842.35,9854.05,9789.05,9839.35,0
2023-02-15,9822.55,9895.2,9815.55,9886.45,0
2023-02-16,9926.1,9959.3,9917.05,9932.3,0
2023-02-17,9904.5,9928.2,9854.3,9874.8,0
2023-02-20,9891.95,9898.2,9837.55,9849.1,0
2023-02-21,9874.6,9887.3,9816.6,9829.55,0
2023-02-22,9793.3,9799.5,9681.75,9705.45,0
2023-02-23,9712.45,9720.8,9626.7,9680.0,0
2023-02-24,9713.65,9733.45,9640.75,9655.85,0
2023-02-27,9640.85,9645.0,9540.0,9604.85,0
2023-02-28,9612.75,9642.55,9583.2,9615.6,0
2023-03-01,9636.9,9733.25,9634.25,9727.45,0
2023-03-02,9725.3,9732.2,9679.65,9686.65,0
2023-03-03,9745.25,9807.7,9737.65,9782.3,0
2023-03-06,9827.55,9896.05,9824.85,9850.6,0
2023-03-08,9823.05,9888.1,9794.85,9879.65,0
2023-03-09,9899.1,9904.9,9798.3,9809.25,0
2023-03-10,9743.2,9743.95,9668.8,9733.35,0
2023-03-13,9725.9,9767.75,9551.0,9576.3,0
2023-03-14,9583.1,9599.3,9480.3,9515.55,0
2023-03-15,9581.15,9603.5,9487.2,9500.25,0
2023-03-16,9498.1,9540.4,9401.65,9506.2,0
2023-03-17,9573.0,9592.7,9503.65,9558.3,0
2023-03-20,9544.1,9549.6,9405.1,9480.75,0
2023-03-21,9519.45,9549.45,9494.85,9540.0,0
2023-03-22,9577.75,9594.55,9554.15,9568.75,0
2023-03-23,9548.95,9577.3,9524.0,9531.35,0
2023-03-24,9532.7,9546.15,9425.1,9440.1,0
2023-03-27,9454.2,9474.15,9404.1,9418.05,0
2023-03-28,9435.2,9439.85,9358.55,9387.5,0
2023-03-29,9386.55,9517.35,9386.55,9500.9,0
2023-03-31,9555.95,9637.0,9554.1,9618.9,0
2023-04-03,9663.15,9663.75,9613.15,9651.8,0
2023-04-05,9661.05,9704.0,9653.5,9698.3,0
2023-04-06,9694.05,9757.85,9670.8,9741.7,0
2023-04-10,9769.05,9786.2,9740.95,9768.2,0
2023-04-11,9803.75,9833.45,9779.85,9815.8,0
2023-04-12,9837.9,9873.65,9822.6,9869.35,0
2023-04-13,9879.15,9894.55,9838.95,9879.65,0
2023-04-17,9879.6,9879.6,9800.2,9872.4,0
2023-04-18,9898.95,9912.95,9863.2,9892.5,0
2023-04-19,9900.85,9906.4,9857.5,9868.8,0
2023-04-20,9883.3,9899.35,9855.3,9866.65,0
2023-04-21,9879.95,9881.7,9807.75,9844.85,0
2023-04-24,9873.3,9892.45,9834.15,9888.5,0
2023-04-25,9897.6,9912.45,9875.4,9895.05,0
2023-04-26,9890.4,9918.2,9861.6,9913.1,0
2023-04-27,9917.75,9974.35,9911.85,9968.5,0
2023-04-28,9991.7,10079.25,9975.6,10070.35,0
2023-05-02,10110.05,10153.2,10102.45,10133.9,0
2023-05-03,10120.45,10154.2,10100.55,10133.0,0
2023-05-04,10141.9,10217.35,10136.1,10210.75,0
2023-05-05,10180.8,10211.9,10122.9,10132.15,0
2023-05-08,10162.65,10237.65,10155.85,10229.65,0
2023-05-09,10254.8,10290.25,10214.0,10231.5,0
2023-05-10,10256.75,10257.9,10189.45,10251.7,0
2023-05-11,10284.25,10293.0,10253.95,10268.6,0
2023-05-12,10270.3,10275.6,10215.15,10255.15,0
2023-05-15,10265.0,10331.45,10249.9,10305.55,0
2023-05-16,10333.15,10355.65,10282.1,10290.8,0
2023-05-17,10300.0,10304.35,10213.0,10257.6,0
2023-05-18,10305.85,10312.0,10199.0,10207.85,0
2023-05-19,10227.35,10229.35,10135.25,10222.2,0
2023-05-22,10220.3,10290.95,10201.85,10283.95,0
2023-05-23,10317.25,10349.75,10311.0,10324.95,0
2023-05-24,10315.35,10359.6,10292.7,10318.8,0
2023-05-25,10317.2,10356.3,10300.5,10347.2,0
2023-05-26,10365.5,10442.6,10355.45,10437.5,0
2023-05-29,10493.7,10502.65,10466.0,10483.25,0
2023-05-30,10493.8,10523.65,10477.9,10510.2,0
2023-05-31,10498.85,10520.45,10462.45,10508.1,0
2023-06-01,10525.6,10551.5,10498.3,10509.4,0
2023-06-02,10545.65,10559.45,10529.2,10548.15,0
2023-06-05,10592.6,10607.3,10575.25,10580.15,0
2023-06-06,10589.55,10600.45,10544.25,10590.0,0
2023-06-07,10629.4,10694.6,10622.35,10687.7,0
2023-06-08,10705.6,10719.95,10620.25,10631.2,0
2023-06-09,10653.2,10664.95,10598.6,10607.15,0
2023-06-12,10634.0,10660.1,10599.9,10651.55,0
2023-06-13,10676.45,10756.85,10675.95,10750.05,0
2023-06-14,10777.05,10781.0,10744.35,10775.95,0
2023-06-15,10792.4,10817.5,10754.8,10770.9,0
2023-06-16,10802.05,10867.8,10795.55,10850.45,0
2023-06-19,10886.95,10902.95,10823.35,10833.0,0
2023-06-20,10836.5,10885.65,10794.85,10876.1,0
2023-06-21,10921.4,10955.3,10900.55,10926.7,0
2023-06-22,10940.15,10942.1,10835.85,10850.0,0
2023-06-23,10842.85,10845.85,10737.2,10744.8,0
2023-06-26,10748.2,10811.55,10723.25,10801.85,0
2023-06-27,10837.8,10866.4,10826.55,10861.75,0
2023-06-28,10911.85,10944.95,10891.55,10931.55,0
2023-06-30,10978.05,11028.1,10965.2,11023.85,0
2023-07-03,11070.55,11085.8,11055.3,11070.6,0
2023-07-04,11114.1,11114.9,11047.35,11074.95,0
2023-07-05,11093.35,11123.0,11071.25,11114.2,0
2023-07-06,11122.25,11191.7,11115.35,11188.55,0
2023-07-07,11168.15,11199.85,11083.9,11099.25,0
2023-07-10,11134.45,11135.6,11060.8,11077.65,0
2023-07-11,11115.2,11177.6,11107.35,11146.1,0
2023-07-12,11178.65,11184.6,11141.25,11161.45,0
2023-07-13,11212.45,11238.45,11113.7,11132.65,0
2023-07-14,11180.6,11241.85,11158.45,11231.25,0
2023-07-17,11262.9,11296.8,11246.45,11290.2,0
2023-07-18,11326.25,11331.35,11246.9,11287.65,0
2023-07-19,11318.55,11350.5,11291.25,11345.7,0
2023-07-20,11359.4,11398.4,11331.7,11392.85,0
2023-07-21,11332.95,11367.3,11306.05,11321.6,0
2023-07-24,11337.45,11355.55,11289.2,11299.35,0
2023-07-25,11342.0,11344.8,11282.95,11334.55,0
2023-07-26,11370.1,11403.25,11354.7,11380.1,0
2023-07-27,11425.2,11436.4,11331.25,11363.25,0
2023-07-28,11377.85,11406.4,11352.1,11399.05,0
2023-07-31,11414.45,11503.5,11397.75,11495.15,0
2023-08-01,11525.4,11529.6,11477.3,11494.05,0
2023-08-02,11471.35,11478.05,11281.8,11360.3,0
2023-08-03,11340.8,11381.45,11270.1,11322.7,0
2023-08-04,11374.65,11417.75,11362.8,11403.75,0
2023-08-07,11438.2,11459.3,11407.95,11453.9,0
2023-08-08,11483.35,11489.75,11405.0,11461.85,0
2023-08-09,11476.35,11502.1,11417.85,11496.45,0
2023-08-10,11501.5,11513.3,11436.15,11469.45,0
2023-08-11,11501.45,11503.65,11413.1,11423.7,0
2023-08-14,11406.8,11419.55,11280.1,11400.6,0
2023-08-16,11376.05,11426.9,11339.75,11416.15,0
2023-08-17,11429.4,11447.05,11394.75,11406.85,0
2023-08-18,11395.45,11413.2,11357.25,11381.95,0
2023-08-21,11400.4,11464.4,11387.35,11453.85,0
2023-08-22,11483.45,11528.25,11477.0,11522.9,0
2023-08-23,11557.7,11582.85,11544.4,11556.1,0
2023-08-24,11620.05,11645.1,11551.45,11560.95,0
2023-08-25,11528.75,11550.95,11458.65,11479.5,0
2023-08-28,11513.1,11544.85,11484.4,11519.35,0
2023-08-29,11555.4,11565.2,11533.85,11556.45,0
2023-08-30,11610.1,11635.05,11593.9,11600.4,0
2023-08-31,11627.9,11638.35,11560.05,11587.05,0
2023-09-01,11599.9,11694.1,11587.3,11686.3,0
2023-09-04,11741.3,11774.7,11686.3,11767.3,0
2023-09-05,11804.85,11855.6,11767.3,11848.8,0
2023-09-06,11870.7,11874.4,11815.95,11863.7,0
2023-09-07,11874.85,11942.45,11860.15,11935.6,0
2023-09-08,11970.95,12035.2,11959.7,12022.3,0
2023-09-11,12081.4,12147.25,12070.8,12142.15,0
2023-09-12,12212.8,12213.05,11923.95,11933.0,0
2023-09-13,11928.9,11969.45,11829.4,11961.45,0
2023-09-14,12011.95,12057.0,11989.0,12033.15,0
2023-09-15,12080.1,12089.7,12037.2,12064.75,0
2023-09-18,12072.1,12073.35,12020.65,12027.4,0
2023-09-20,11969.15,12010.6,11920.9,11943.65,0
2023-09-21,11919.8,11942.65,11822.9,11844.55,0
2023-09-22,11855.25,11890.4,11783.0,11820.8,0
2023-09-25,11834.3,11866.45,11766.3,11851.55,0
2023-09-26,11859.95,11877.95,11830.7,11847.5,0
2023-09-27,11852.95,11916.05,11828.35,11908.15,0
2023-09-28,11936.45,11938.55,11764.2,11778.35,0
2023-09-29,11819.4,11918.2,11798.55,11877.5,0
2023-10-03,11881.55,11883.55,11826.8,11867.6,0
2023-10-04,11831.7,11834.7,11687.6,11755.35,0
2023-10-05,11808.45,11834.3,11765.45,11781.85,0
2023-10-06,11828.6,11859.75,11807.4,11849.2,0
2023-10-09,11758.3,11783.1,11705.05,11722.6,0
2023-10-10,11765.0,11862.5,11765.0,11852.15,0
2023-10-11,11910.7,11959.4,11908.15,11918.05,0
2023-10-12,11947.7,11960.95,11919.95,11929.85,0
2023-10-13,11872.8,11942.0,11860.8,11912.25,0
2023-10-16,11917.9,11943.9,11891.55,11919.2,0
2023-10-17,11983.2,11989.55,11949.55,11969.2,0
2023-10-18,11981.95,11985.6,11870.45,11881.85,0
2023-10-19,11824.9,11876.6,11780.75,11859.65,0
2023-10-20,11829.45,11849.05,11755.55,11774.6,0
2023-10-23,11773.3,11785.05,11506.65,11530.25,0
2023-10-25,11552.15,11585.6,11375.75,11449.35,0
2023-10-26,11389.75,11396.65,11230.95,11307.65,0
2023-10-27,11368.25,11475.85,11367.6,11454.85,0
2023-10-30,11471.7,11495.0,11377.25,11488.25,0
2023-10-31,11545.65,11550.3,11477.5,11487.45,0
2023-11-01,11500.4,11509.5,11442.05,11451.0,0
2023-11-02,11527.9,11575.85,11525.15,11569.15,0
2023-11-03,11639.45,11659.7,11626.35,11643.4,0
2023-11-06,11715.55,11755.45,11698.65,11749.95,0
2023-11-07,11763.0,11778.8,11729.85,11771.2,0
2023-11-08,11816.4,11850.0,11802.95,11844.25,0
2023-11-09,11863.95,11871.05,11822.15,11828.85,0
2023-11-10,11813.6,11870.85,11775.25,11860.4,0
2023-11-12,11947.15,11952.2,11920.4,11929.85,0
2023-11-13,11913.45,11915.95,11875.0,11906.4,0
2023-11-15,12019.4,12031.3,11989.6,12025.9,0
2023-11-16,12037.05,12137.0,12019.85,12094.85,0
2023-11-17,12065.35,12135.65,12057.35,12112.1,0
2023-11-20,12130.65,12145.0,12086.0,12100.6,0
2023-11-21,12147.85,12153.25,12118.2,12125.6,0
2023-11-22,12137.95,12151.65,12065.6,12141.5,0
2023-11-23,12168.25,12184.4,12140.7,12147.85,0
2023-11-24,12166.35,12180.65,12147.45,12158.2,0
2023-11-28,12198.8,12228.65,12169.2,12220.35,0
2023-11-29,12281.75,12327.2,12278.55,12321.25,0
2023-11-30,12339.95,12402.35,12283.1,12389.8,0
2023-12-01,12443.6,12503.75,12437.6,12487.4,0
2023-12-04,12693.8,12700.9,12609.35,12691.65,0
2023-12-05,12750.0,12778.9,12671.35,12773.7,0
2023-12-06,12832.1,12848.8,12760.6,12821.25,0
2023-12-07,12835.95,12867.85,12777.95,12857.7,0
2023-12-08,12893.85,12916.05,12767.3,12854.45,0
2023-12-11,12878.1,12920.8,12867.65,12915.25,0
2023-12-12,12948.4,12955.6,12810.25,12856.4,0
2023-12-13,12886.55,12937.1,12811.25,12923.7,0
2023-12-14,13025.4,13091.1,13014.15,13076.2,0
2023-12-15,13145.25,13170.8,13105.35,13160.3,0
2023-12-18,13166.85,13203.55,13106.05,13177.9,0
2023-12-19,13214.0,13215.1,13099.05,13163.35,0
2023-12-20,13229.05,13261.9,12819.25,12853.9,0
2023-12-21,12757.95,13004.0,12699.25,12987.9,0
2023-12-22,13045.4,13100.3,12988.2,13072.25,0
2023-12-26,13108.6,13162.0,13078.7,13141.95,0
2023-12-27,13196.25,13241.4,13159.9,13227.7,0
2023-12-28,13269.55,13303.95,13232.85,13294.85,0
2023-12-29,13301.55,13361.85,13264.45,13347.0,0
2024-01-01,13372.7,13437.8,13351.15,13389.75,0
2024-01-02,13412.2,13415.1,13243.7,13358.5,0
2024-01-03,13373.5,13382.2,13307.45,13346.35,0
2024-01-04,13404.2,13506.85,13397.1,13495.25,0
2024-01-05,13543.6,13572.1,13453.55,13529.35,0
2024-01-08,13562.2,13567.25,13397.1,13409.05,0
2024-01-09,13500.95,13525.25,13419.95,13434.85,0
2024-01-10,13443.75,13480.9,13350.55,13473.3,0
2024-01-11,13523.2,13550.55,13483.15,13519.85,0
2024-01-12,13589.6,13629.85,13544.25,13610.6,0
2024-01-15,13694.8,13711.4,13613.55,13701.4,0
2024-01-16,13718.5,13736.85,13581.25,13659.75,0
2024-01-17,13497.25,13592.55,13441.65,13454.55,0
2024-01-18,13401.05,13445.7,13184.15,13419.75,0
2024-01-19,13519.95,13584.55,13505.2,13578.55,0
2024-01-20,13655.5,13673.05,13576.45,13588.85,0
2024-01-23,13688.75,13693.65,13224.8,13271.55,0
2024-01-24,13274.7,13473.15,13170.1,13458.25,0
2024-01-25,13483.65,13484.4,13338.2,13402.05,0
2024-01-29,13458.1,13626.9,13454.05,13616.3,0
2024-01-30,13664.6,13684.05,13522.45,13532.4,0
2024-01-31,13537.05,13710.35,13521.35,13703.45,0
2024-02-01,13745.8,13746.2,13599.95,13659.95,0
2024-02-02,13727.55,13854.3,13720.9,13743.85,0
2024-02-05,13795.85,13844.95,13686.1,13717.1,0
2024-02-06,13769.35,13863.45,13698.5,13856.0,0
2024-02-07,13944.75,13957.75,13843.05,13923.05,0
2024-02-08,14005.3,14006.85,13832.3,13857.85,0
2024-02-09,13879.2,13884.6,13636.35,13809.4,0
2024-02-12,13851.4,13855.95,13546.9,13578.3,0
2024-02-13,13603.15,13651.9,13436.9,13640.45,0
2024-02-14,13519.1,13764.05,13482.2,13739.7,0
2024-02-15,13809.95,13851.3,13777.35,13833.45,0
2024-02-16,13900.7,13946.45,13871.2,13929.3,0
2024-02-19,13994.7,14028.55,13947.45,13986.1,0
2024-02-20,13989.15,14004.1,13942.2,13995.15,0
2024-02-21,14037.95,14045.0,13841.15,13875.7,0
2024-02-22,13919.0,14001.05,13783.25,13985.9,0
2024-02-23,14040.65,14059.4,13989.3,14014.5,0
2024-02-26,14011.25,14032.0,13925.75,13972.3,0
2024-02-27,13973.35,14021.55,13940.65,13981.6,0
2024-02-28,14005.75,14012.3,13747.95,13773.85,0
2024-02-29,13769.05,13871.85,13671.0,13826.85,0
2024-03-01,13887.75,13992.2,13887.05,13985.1,0
2024-03-02,14036.65,14067.3,14022.5,14047.7,0
2024-03-04,14075.4,14086.5,14016.55,14063.25,0
2024-03-05,14062.6,14078.9,13999.6,14032.25,0
2024-03-06,14037.05,14041.65,13837.1,14013.85,0
2024-03-07,14035.8,14082.1,14023.05,14046.25,0
2024-03-11,14088.25,14090.9,13955.05,13970.65,0
2024-03-12,13982.55,13991.95,13825.2,13865.55,0
2024-03-13,13905.75,13916.65,13368.15,13442.7,0
2024-03-14,13397.75,13667.35,13323.1,13652.05,0
2024-03-15,13632.0,13683.75,13467.95,13591.5,0
2024-03-18,13580.05,13622.0,13488.3,13590.6,0
2024-03-19,13567.15,13573.0,13406.25,13434.0,0
2024-03-20,13469.25,13498.95,13318.95,13439.75,0
2024-03-21,13558.35,13671.55,13558.35,13660.55,0
2024-03-22,13637.55,13758.1,13602.45,13731.05,0
2024-03-26,13671.7,13803.3,13671.4,13784.4,0
2024-03-27,13826.6,13885.2,13810.35,13822.35,0
2024-03-28,13875.45,13990.6,13847.9,13921.1,0
2024-04-01,14018.6,14110.65,14012.25,14102.85,0
2024-04-02,14134.15,14196.4,14099.5,14191.6,0
2024-04-03,14167.9,14255.05,14141.5,14227.3,0
2024-04-04,14327.05,14337.8,14185.6,14251.2,0
2024-04-05,14249.95,14304.55,14223.05,14295.95,0
2024-04-08,14368.9,14392.0,14314.7,14353.15,0
2024-04-09,14417.9,14418.55,14291.1,14325.75,0
2024-04-10,14376.05,14439.6,14348.75,14426.65,0
2024-04-12,14406.1,14453.7,14315.6,14324.45,0
2024-04-15,14126.2,14233.45,14034.7,14138.5,0
2024-04-16,14059.7,14162.5,14029.5,14100.3,0
2024-04-18,14168.85,14233.95,14011.7,14035.4,0
2024-04-19,13930.2,14075.55,13812.2,14038.4,0
2024-04-22,14161.95,14171.45,14101.45,14153.1,0
2024-04-23,14232.4,14259.35,14194.75,14236.5,0
2024-04-24,14292.35,14331.85,14283.2,14311.3,0
2024-04-25,14294.5,14398.2,14270.6,14389.8,0
2024-04-26,14429.75,14459.05,14397.4,14414.95,0
2024-04-29,14458.35,14511.3,14410.35,14504.4,0
2024-04-30,14547.9,14619.35,14504.4,14520.25,0
2024-05-02,14547.15,14610.05,14532.05,14584.3,0
2024-05-03,14653.15,14660.55,14427.35,14509.8,0
2024-05-06,14578.35,14580.5,14388.05,14450.1,0
2024-05-07,14481.6,14484.7,14187.1,14253.95,0
2024-05-08,14225.05,14350.05,14163.95,14310.9,0
2024-05-09,14308.5,14334.6,14049.75,14070.0,0
2024-05-10,14109.2,14186.45,14009.55,14176.0,0
2024-05-13,14179.5,14247.4,13965.05,14227.05,0
2024-05-14,14252.5,14357.3,14216.65,14344.15,0
2024-05-15,14387.8,14453.5,14364.15,14417.8,0
2024-05-16,14481.7,14567.65,14393.9,14553.45,0
2024-05-17,14585.6,14670.45,14559.9,14662.75,0
2024-05-18,14717.1,14736.45,14702.9,14722.85,0
2024-05-21,14713.45,14775.85,14657.85,14765.25,0
2024-05-22,14818.25,14833.9,14707.7,14806.7,0
2024-05-23,14848.5,14956.75,14797.4,14948.75,0
2024-05-24,14951.15,15010.9,14916.6,14944.35,0
2024-05-27,15008.0,15046.85,14917.35,14966.85,0
2024-05-28,15002.25,15017.3,14841.25,14881.5,0
2024-05-29,14823.8,14868.4,14785.85,14804.0,0
2024-05-30,14779.85,14810.5,14617.9,14648.75,0
2024-05-31,14720.65,14750.8,14615.85,14708.6,0
2024-06-03,15273.75,15273.75,15061.6,15186.9,0
2024-06-04,15176.55,15176.55,13635.6,14145.35,0
2024-06-05,14313.2,14699.4,13979.2,14671.45,0
2024-06-06,14816.3,14987.05,14785.8,14913.45,0
2024-06-07,14938.15,15169.5,14893.65,15161.15,0
2024-06-10,15222.65,15285.8,15145.2,15191.3,0
2024-06-11,15235.8,15325.6,15189.45,15255.6,0
2024-06-12,15315.55,15388.3,15299.75,15358.65,0
2024-06-13,15472.5,15477.0,15387.7,15451.7,0
2024-06-14,15502.45,15583.4,15444.8,15574.7,0
2024-06-18,15644.3,15658.7,15590.7,15652.4,0
2024-06-19,15703.95,15704.0,15476.55,15541.1,0
2024-06-20,15593.35,15637.35,15514.0,15625.3,0
2024-06-21,15691.6,15696.2,15551.65,15584.45,0
2024-06-24,15536.95,15643.9,15462.0,15623.6,0
2024-06-25,15667.55,15703.3,15600.95,15645.1,0
2024-06-26,15655.65,15700.0,15594.6,15656.75,0
2024-06-27,15679.5,15752.2,15616.15,15721.5,0
2024-06-28,15761.55,15815.65,15735.85,15756.45,0
2024-07-01,15780.45,15883.55,15765.0,15878.0,0
2024-07-02,15933.75,15935.85,15752.95,15821.5,0
2024-07-03,15916.15,15960.5,15876.75,15941.9,0
2024-07-04,16003.45,16030.45,15956.55,16006.95,0
2024-07-05,15996.45,16087.3,15962.4,16074.1,0
2024-07-08,16110.0,16117.1,16001.5,16051.0,0
2024-07-09,16103.05,16133.2,16046.05,16111.35,0
2024-07-10,16161.05,16163.75,15815.4,16052.55,0
2024-07-11,16116.4,16118.6,16012.05,16072.3,0
2024-07-12,16131.1,16172.75,16072.5,16113.15,0
2024-07-15,16179.8,16219.2,16091.35,16206.7,0
2024-07-16,16249.4,16265.4,16185.25,16204.25,0
2024-07-18,16184.7,16190.75,16027.55,16161.85,0
2024-07-19,16168.4,16168.4,15869.75,15889.15,0
2024-07-22,15832.65,16017.85,15753.0,15987.65,0
2024-07-23,16053.6,16061.2,15507.5,15930.4,0
2024-07-24,15929.1,16015.6,15902.2,15990.7,0
2024-07-25,15875.1,15996.9,15853.75,15976.6,0
2024-07-26,16024.0,16258.55,16021.85,16250.35,0
2024-07-29,16351.45,16399.35,16288.55,16345.65,0
2024-07-30,16366.75,16443.7,16341.2,16388.95,0
2024-07-31,16442.55,16484.8,16411.25,16466.25,0
2024-08-01,16527.75,16538.2,16354.75,16418.0,0
2024-08-02,16269.05,16341.45,16208.45,16246.95,0
2024-08-05,15878.05,15956.05,15629.05,15730.95,0
2024-08-06,15838.15,15996.15,15620.3,15651.95,0
2024-08-07,15896.2,15967.25,15801.65,15951.65,0
2024-08-08,15959.65,16001.6,15844.85,15865.0,0
2024-08-09,16022.9,16056.15,15970.55,16008.9,0
2024-08-12,15963.8,16062.3,15886.95,16018.15,0
2024-08-13,16055.6,16063.7,15865.95,15883.45,0
2024-08-14,15927.9,15938.5,15787.15,15837.15,0
2024-08-16,15952.9,16123.2,15897.95,16112.7,0
2024-08-19,16194.45,16209.85,16123.5,16151.55,0
2024-08-20,16215.0,16272.35,16178.35,16264.15,0
2024-08-21,16268.85,16330.8,16245.5,16319.95,0
2024-08-22,16391.6,16409.75,16359.45,16391.9,0
2024-08-23,16422.0,16428.35,16340.1,16347.15,0
2024-08-26,16414.55,16453.1,16375.15,16443.65,0
2024-08-27,16470.75,16501.8,16451.55,16487.7,0
2024-08-28,16522.55,16530.7,16431.4,16486.55,0
2024-08-29,16493.75,16513.5,16376.75,16472.55,0
2024-08-30,16539.25,16590.25,16501.8,16568.95,0
2024-09-02,16636.85,16636.85,16518.1,16564.55,0
2024-09-03,16601.8,16612.95,16574.45,16585.85,0
2024-09-04,16466.25,16568.4,16454.85,16558.05,0
2024-09-05,16618.75,16625.5,16567.2,16577.25,0
2024-09-06,16573.6,16595.65,16336.4,16365.6,0
2024-09-09,16352.3,16391.0,16225.05,16371.2,0
2024-09-10,16449.65,16539.95,16424.85,16491.55,0
2024-09-11,16518.4,16566.2,16404.8,16430.7,0
2024-09-12,16542.7,16689.55,16489.4,16674.1,0
2024-09-13,16719.7,16743.9,16680.0,16714.85,0
2024-09-16,16779.6,16791.25,16711.45,16753.45,0
2024-09-17,16783.3,16783.35,16707.9,16748.05,0
2024-09-18,16754.85,16762.9,16600.35,16673.25,0
2024-09-19,16753.0,16798.0,16474.5,16631.6,0
2024-09-20,16702.9,16907.3,16652.0,16866.35,0
2024-09-23,16940.3,17004.9,16897.15,16993.75,0
2024-09-24,17012.3,17037.95,16986.35,17021.1,0
2024-09-25,17017.9,17025.5,16914.3,16977.45,0
2024-09-26,17003.4,17055.45,16922.3,17046.05,0
2024-09-27,17070.65,17095.2,17021.05,17042.65,0
2024-09-30,16987.15,17018.65,16878.45,16910.05,0
2024-10-01,16917.4,16959.55,16857.0,16934.3,0
2024-10-03,16699.2,16838.7,16539.05,16571.9,0
2024-10-04,16541.1,16668.65,16347.8,16420.0,0
2024-10-07,16479.3,16506.75,16087.95,16154.4,0
2024-10-08,16133.45,16435.85,16087.85,16410.95,0
2024-10-09,16489.05,16629.9,16477.2,16505.45,0
2024-10-10,16579.3,16616.8,16479.95,16493.85,0
2024-10-11,16505.5,16535.95,16458.75,16521.6,0
2024-10-14,16560.75,16604.7,16531.5,16596.9,0
2024-10-15,16649.75,16657.65,16550.9,16608.25,0
2024-10-16,16585.4,16626.85,16501.2,16563.2,0
2024-10-17,16589.85,16591.45,16323.2,16332.0,0
2024-10-18,16267.25,16395.5,16137.4,16373.8,0
2024-10-21,16425.75,16455.5,16191.1,16213.95,0
2024-10-22,16223.0,16248.05,15862.8,15881.8,0
2024-10-23,15843.65,16026.95,15763.85,15913.55,0
2024-10-24,15912.6,15953.15,15848.5,15879.45,0
2024-10-25,15908.2,15917.65,15547.8,15659.6,0
2024-10-28,15684.45,15820.75,15597.6,15757.7,0
2024-10-29,15788.8,15878.85,15621.05,15868.85,0
2024-10-30,15827.8,15958.4,15789.8,15848.15,0
2024-10-31,15853.15,15866.1,15732.6,15790.55,0
2024-11-01,15878.0,15926.5,15867.35,15884.7,0
2024-11-04,15895.4,15895.5,15587.65,15685.8,0
2024-11-05,15651.1,15797.5,15551.05,15785.35,0
2024-11-06,15860.95,16073.05,15826.7,16058.7,0
2024-11-07,16098.05,16103.85,15917.35,15927.85,0
2024-11-08,15943.55,15959.35,15756.1,15789.35,0
2024-11-11,15751.9,15851.35,15662.25,15727.8,0
2024-11-12,15781.8,15835.0,15528.15,15562.55,0
2024-11-13,15511.0,15542.35,15201.5,15237.75,0
2024-11-14,15246.95,15373.5,15241.05,15279.7,0
2024-11-18,15340.6,15349.1,15162.85,15245.4,0
2024-11-19,15300.6,15488.55,15297.2,15340.7,0
2024-11-21,15311.3,15313.25,15135.95,15236.4,0
2024-11-22,15262.65,15505.45,15234.05,15487.3,0
2024-11-25,15733.9,15801.45,15693.45,15712.4,0
2024-11-26,15777.6,15807.9,15701.65,15712.65,0
2024-11-27,15741.95,15809.6,15671.15,15793.25,0
2024-11-28,15817.8,15889.75,15675.65,15706.75,0
2024-11-29,15721.1,15833.8,15706.65,15800.2,0
2024-12-02,15804.9,15928.8,15752.35,15921.25,0
2024-12-03,15994.8,16058.8,15963.9,16052.9,0
2024-12-04,16097.8,16151.3,16043.95,16137.8,0
2024-12-05,16205.1,16275.65,16073.3,16244.75,0
2024-12-06,16272.95,16306.6,16208.0,16280.1,0
2024-12-09,16265.55,16320.65,16246.4,16290.0,0
2024-12-10,16312.4,16325.3,16242.65,16314.95,0
2024-12-11,16322.15,16373.4,16308.4,16352.7,0
2024-12-12,16354.5,16376.05,16273.0,16283.25,0
2024-12-13,16248.75,16341.9,16022.85,16330.6,0
2024-12-16,16350.95,16390.1,16305.15,16365.6,0
2024-12-17,16344.8,16377.7,16185.9,16206.95,0
2024-12-18,16198.2,16223.25,16049.35,16099.5,0
2024-12-19,15853.25,16012.8,15850.4,16000.75,0
2024-12-20,16032.05,16069.1,15639.95,15666.0,0
2024-12-23,15748.2,15810.95,15650.4,15722.9,0
2024-12-24,15737.7,15789.1,15659.4,15716.1,0
2024-12-26,15742.35,15768.05,15650.75,15734.4,0
2024-12-27,15766.5,15807.85,15724.45,15731.3,0
2024-12-30,15726.8,15794.25,15614.9,15704.55,0
2024-12-31,15639.7,15745.35,15552.1,15714.8,0
2025-01-01,15716.95,15797.1,15669.25,15786.1,0
2025-01-02,15814.35,16018.1,15782.05,16009.05,0
2025-01-03,16032.95,16046.65,15921.5,15941.35,0
2025-01-06,15976.0,15977.8,15543.1,15588.2,0
2025-01-07,15625.1,15747.8,15608.75,15679.25,0
2025-01-08,15705.8,15709.05,15453.35,15580.35,0
2025-01-09,15582.8,15592.2,15441.25,15456.5,0
2025-01-10,15447.5,15465.7,15219.9,15245.8,0
2025-01-13,15075.25,15114.4,14761.05,14796.7,0
2025-01-14,14855.5,15046.95,14854.05,15013.95,0
2025-01-15,15078.25,15133.2,14977.8,15062.75,0
2025-01-16,15197.15,15245.05,15169.55,15190.25,0
2025-01-17,15185.3,15223.2,15100.75,15180.2,0
2025-01-20,15252.35,15307.9,15133.6,15277.25,0
2025-01-21,15306.95,15314.45,14991.45,15003.6,0
2025-01-22,15035.35,15044.6,14768.05,14934.15,0
2025-01-23,14932.55,15129.05,14907.35,15092.2,0
2025-01-24,15090.0,15142.25,14881.75,14913.65,0
2025-01-27,14795.7,14798.05,14562.35,14597.2,0
2025-01-28,14656.5,14715.35,14456.45,14586.0,0
2025-01-29,14616.3,14847.35,14613.95,14840.45,0
2025-01-30,14877.95,14957.55,14818.95,14876.9,0
2025-01-31,14908.3,15113.05,14883.35,15092.3,0
2025-02-01,15134.85,15180.15,14916.75,15064.4,0
2025-02-03,14957.9,14978.05,14846.0,14940.7,0
2025-02-04,15042.15,15172.9,14995.55,15163.95,0
2025-02-05,15217.6,15282.85,15199.0,15215.95,0
2025-02-06,15272.55,15279.85,15069.2,15105.35,0
2025-02-07,15128.1,15184.3,14995.45,15103.65,0
2025-02-10,15098.85,15113.1,14832.15,14876.65,0
2025-02-11,14877.35,14884.9,14476.1,14546.9,0
2025-02-12,14525.7,14585.05,14229.3,14513.55,0
2025-02-13,14530.35,14683.9,14487.85,14523.65,0
2025-02-14,14567.6,14583.2,14180.7,14298.25,0
2025-02-17,14209.8,14339.1,14063.15,14327.05,0
2025-02-18,14338.05,14355.7,14187.95,14311.1,0
2025-02-19,14240.3,14464.8,14195.1,14423.4,0
2025-02-20,14371.5,14535.35,14350.8,14528.15,0
2025-02-21,14504.6,14592.9,14353.75,14406.85,0
2025-02-24,14278.5,14306.25,14210.7,14260.0,0
2025-02-25,14244.2,14316.25,14191.2,14213.45,0
2025-02-27,14222.0,14249.15,14084.45,14114.45,0
2025-02-28,14017.35,14024.75,13738.05,13805.6,0
2025-03-03,13835.4,13879.3,13620.45,13827.15,0
2025-03-04,13704.2,13875.05,13646.7,13834.9,0
2025-03-05,13812.95,14101.3,13812.95,14096.7,0
2025-03-06,14211.5,14237.35,14113.1,14204.65,0
2025-03-07,14192.65,14271.3,14151.2,14182.3,0
2025-03-10,14181.9,14254.25,14011.95,14041.65,0
2025-03-11,13935.95,14110.1,13900.85,14086.55,0
2025-03-12,14124.6,14159.75,13922.1,14044.7,0
2025-03-13,14096.65,14111.95,13960.0,13976.6,0
2025-03-17,13977.55,14110.6,13977.35,14066.35,0
2025-03-18,14151.6,14341.0,14117.05,14326.15,0
2025-03-19,14371.4,14550.8,14338.15,14529.75,0
2025-03-20,14616.4,14667.85,14518.85,14652.4,0
2025-03-21,14652.35,14817.8,14624.85,14802.25,0
2025-03-24,14910.1,15027.3,14851.7,14982.2,0
2025-03-25,15069.4,15073.4,14850.75,14893.95,0
2025-03-26,14913.3,14975.45,14779.7,14794.4,0
2025-03-27,14747.95,14894.45,14723.9,14869.45,0
2025-03-28,14905.1,14964.9,14770.6,14821.1,0
2025-04-01,14758.25,14873.8,14619.8,14642.05,0
2025-04-02,14667.65,14812.65,14586.35,14804.4,0
2025-04-03,14689.15,14815.6,14687.05,14797.9,0
2025-04-04,14766.4,14775.35,14399.4,14456.35,0
2025-04-07,13527.3,14025.25,13526.3,13963.95,0
2025-04-08,14208.6,14301.6,14055.7,14235.1,0
2025-04-09,14197.5,14197.55,14045.9,14152.25,0
2025-04-11,14389.6,14458.15,14326.05,14412.95,0
2025-04-15,14706.6,14819.05,14619.45,14800.55,0
2025-04-16,14821.0,14900.65,14784.75,14892.6,0
2025-04-17,14877.2,15069.5,14818.25,15053.65,0
2025-04-21,15127.7,15332.8,15091.45,15315.15,0
2025-04-22,15363.7,15441.3,15279.1,15394.25,0
2025-04-23,15498.85,15529.25,15320.6,15521.85,0
2025-04-24,15515.35,15549.4,15470.6,15485.0,0
2025-04-25,15513.5,15545.8,15083.4,15205.2,0
2025-04-28,15196.9,15408.3,15196.2,15400.7,0
2025-04-29,15443.5,15519.75,15391.15,15416.05,0
2025-04-30,15423.8,15476.45,15281.9,15355.15,0
2025-05-02,15334.5,15492.1,15252.25,15304.4,0
2025-05-05,15363.85,15485.05,15357.35,15474.6,0
2025-05-06,15504.25,15517.3,15239.75,15265.15,0
2025-05-07,15114.95,15405.5,15112.55,15395.85,0
2025-05-08,15431.3,15461.65,15116.75,15195.0,0
2025-05-09,14914.35,15149.0,14914.35,15122.65,0
2025-05-12,15475.55,15706.2,15457.6,15698.4,0
2025-05-13,15697.15,15750.35,15602.3,15626.35,0
2025-05-14,15671.65,15775.1,15640.05,15759.35,0
2025-05-15,15798.9,15941.3,15710.55,15931.75,0
2025-05-16,15970.2,16020.65,15912.75,16007.35,0
2025-05-19,16035.1,16082.75,15964.85,16007.25,0
2025-05-20,16072.05,16080.1,15769.85,15786.95,0
2025-05-21,15813.65,15947.15,15769.3,15899.75,0
2025-05-22,15862.8,15865.35,15723.15,15812.65,0
2025-05-23,15840.35,15950.0,15796.9,15931.0,0
2025-05-26,15984.25,16063.0,15979.55,16020.4,0
2025-05-27,16021.3,16063.35,15914.5,15987.95,0
2025-05-28,16008.1,16029.1,15956.7,15968.65,0
2025-05-29,16032.0,16062.45,15960.55,16037.85,0
2025-05-30,16055.4,16089.65,15965.9,15994.95,0
2025-06-02,15970.55,16054.55,15917.55,16036.35,0
2025-06-03,16092.1,16109.9,15942.05,15954.05,0
2025-06-04,15981.2,16052.35,15918.2,16044.1,0
2025-06-05,16096.45,16181.35,16063.1,16138.9,0
2025-06-06,16169.85,16316.6,16117.15,16304.0,0
2025-06-09,16406.15,16437.45,16372.4,16432.5,0
2025-06-10,16497.75,16500.25,16400.55,16437.3,0
2025-06-11,16466.95,16483.1,16365.1,16416.85,0
2025-06-12,16433.9,16434.25,16170.4,16195.45,0
2025-06-13,15897.35,16129.75,15897.35,16110.25,0
2025-06-16,16113.25,16250.75,16003.0,16242.2,0
2025-06-17,16265.3,16270.9,16141.4,16156.6,0
2025-06-18,16124.9,16213.55,16062.05,16101.85,0
2025-06-19,16103.9,16132.45,15913.05,15947.8,0
2025-06-20,15944.8,16170.45,15944.8,16150.7,0
2025-06-23,16039.5,16190.15,16023.3,16148.35,0
2025-06-24,16302.2,16356.55,16207.45,16237.55,0
2025-06-25,16307.5,16347.5,16285.2,16341.9,0
2025-06-26,16377.15,16485.0,16346.2,16477.5,0
2025-06-27,16518.85,16575.4,16504.3,16542.8,0
2025-06-30,16591.75,16595.65,16528.0,16572.25,0
2025-07-01,16603.5,16610.4,16514.5,16563.3,0
2025-07-02,16585.3,16594.4,16463.35,16531.35,0
2025-07-03,16564.65,16611.1,16512.75,16524.75,0
2025-07-04,16548.7,16564.95,16463.3,16543.35,0
2025-07-07,16545.15,16562.6,16497.35,16524.35,0
2025-07-08,16520.9,16561.45,16443.5,16529.3,0
2025-07-09,16534.4,16551.55,16483.05,16513.15,0
2025-07-10,16537.05,16544.05,16427.95,16454.7,0
2025-07-11,16419.4,16454.4,16298.1,16319.4,0
2025-07-14,16331.7,16373.1,16269.3,16359.75,0
2025-07-15,16383.2,16489.4,16377.2,16475.15,0
2025-07-16,16489.15,16513.55,16451.35,16490.55,0
2025-07-17,16521.6,16525.55,16454.05,16464.0,0
2025-07-18,16474.45,16484.7,16337.65,16359.95,0
2025-07-21,16372.05,16462.15,16295.9,16450.65,0
2025-07-22,16498.45,16502.05,16383.25,16394.9,0
2025-07-23,16434.1,16469.75,16362.25,16464.5,0
2025-07-24,16474.25,16474.75,16351.35,16383.75,0
2025-07-25,16350.95,16350.95,16150.15,16167.7,0
2025-07-28,16137.85,16244.15,16023.05,16047.5,0
2025-07-29,16014.65,16176.55,16006.55,16167.95,0
2025-07-30,16205.55,16213.6,16130.8,16193.05,0
2025-07-31,16023.5,16195.5,16018.15,16095.25,0
2025-08-01,16094.4,16109.1,15899.55,15919.25,0
2025-08-04,15931.05,16076.65,15898.4,16067.3,0
2025-08-05,16074.65,16086.3,15978.2,16029.1,0
2025-08-06,16047.3,16052.45,15883.6,15924.45,0
2025-08-07,15852.2,15977.45,15747.95,15954.45,0
2025-08-08,15960.9,15963.7,15741.95,15760.3,0
2025-08-11,15760.75,15900.95,15727.05,15886.85,0
2025-08-12,15893.35,15949.85,15831.15,15841.0,0
2025-08-13,15904.3,15960.8,15884.7,15934.5,0
2025-08-14,15954.6,15982.15,15887.1,15916.5,0
2025-08-18,16104.8,16177.35,16076.65,16095.1,0
2025-08-19,16120.15,16216.0,16068.45,16208.75,0
2025-08-20,16211.55,16288.35,16181.45,16270.25,0
2025-08-21,16323.75,16330.45,16235.4,16241.35,0
2025-08-22,16243.75,16257.95,16151.2,16160.7,0
2025-08-25,16217.25,16232.65,16180.7,16188.25,0
2025-08-26,16143.3,16161.65,15962.1,15982.7,0
2025-08-28,15981.2,15981.2,15802.75,15812.25,0
2025-08-29,15801.9,15869.85,15731.15,15745.15,0
2025-09-01,15775.1,15959.6,15774.85,15953.85,0
2025-09-02,15991.1,16050.75,15931.55,15963.0,0
2025-09-03,15992.55,16070.75,15957.75,16062.35,0
2025-09-04,16239.85,16239.85,15992.15,16010.45,0
2025-09-05,16062.0,16090.7,15937.6,16016.55,0
2025-09-08,16063.3,16129.85,16019.55,16061.6,0
2025-09-09,16106.05,16116.65,16058.35,16104.95,0
2025-09-10,16182.8,16239.8,16175.4,16215.5,0
2025-09-11,16222.25,16255.5,16205.25,16232.25,0
2025-09-12,16282.8,16303.75,16257.1,16288.35,0
2025-09-15,16306.95,16338.1,16282.4,16318.75,0
2025-09-16,16338.6,16434.9,16316.05,16423.05,0
2025-09-17,16462.4,16485.5,16430.6,16465.6,0
2025-09-18,16524.6,16528.8,16450.4,16520.1,0
2025-09-19,16530.6,16538.85,16482.85,16503.05,0
2025-09-22,16468.5,16530.7,16391.95,16427.65,0
2025-09-23,16447.4,16464.35,16334.45,16388.2,0
2025-09-24,16372.3,16386.3,16261.4,16269.0,0
2025-09-25,16267.7,16319.55,16147.9,16160.3,0
2025-09-26,16122.05,16139.4,15907.0,15917.15,0
2025-09-29,15967.6,16030.65,15898.2,15945.65,0
2025-09-30,15987.25,16005.5,15887.55,15946.5,0
2025-10-01,15955.35,16091.6,15938.85,16080.85,0
2025-10-03,16076.3,16176.55,16052.85,16169.85,0
2025-10-06,16186.7,16286.9,16155.25,16281.05,0
2025-10-07,16299.8,16357.15,16280.25,16323.0,0
2025-10-08,16316.75,16360.75,16220.9,16235.95,0
2025-10-09,16263.65,16353.45,16241.6,16347.45,0
2025-10-10,16355.4,16438.65,16333.55,16412.05,0
2025-10-13,16352.15,16405.45,16315.3,16395.1,0
2025-10-14,16437.45,16454.85,16271.85,16308.8,0
2025-10-15,16342.45,16471.85,16340.4,16450.65,0
2025-10-16,16497.55,16588.1,16480.0,16567.6,0
2025-10-17,16563.05,16626.5,16503.3,16554.7,0
2025-10-20,16627.05,16680.25,16604.05,16646.35,0
2025-10-21,16703.45,16719.7,16648.65,16672.4,0
2025-10-23,16763.75,16788.5,16642.75,16664.8,0
2025-10-24,16695.5,16712.9,16574.2,16618.65,0
2025-10-27,16662.45,16742.9,16649.2,16735.6,0
2025-10-28,16746.0,16779.35,16655.75,16719.95,0
2025-10-29,16745.65,16833.45,16719.55,16819.3,0
2025-10-30,16821.4,16825.7,16723.6,16755.0,0
2025-10-31,16763.45,16807.6,16657.05,16666.75,0
2025-11-03,16673.55,16774.9,16655.5,16755.2,0
2025-11-04,16762.05,16770.5,16661.15,16673.9,0
2025-11-06,16681.4,16695.05,16542.95,16552.5,0
2025-11-07,16506.15,16616.35,16391.95,16588.15,0
2025-11-10,16610.2,16696.7,16604.65,16653.45,0
2025-11-11,16683.85,16734.1,16569.7,16724.9,0
2025-11-12,16802.8,16864.3,16783.05,16839.75,0
2025-11-13,16859.9,16904.6,16800.75,16814.3,0
2025-11-14,16784.8,16850.55,16745.65,16824.7,0
2025-11-17,16869.05,16924.75,16849.1,16917.1,0
2025-11-18,16926.35,16927.05,16808.45,16826.2,0
2025-11-19,16831.1,16902.5,16787.7,16891.75,0
2025-11-20,16947.1,16970.35,16903.9,16925.0,0
2025-11-21,16892.6,16898.6,16765.5,16777.0,0
2025-11-24,16800.85,16815.75,16687.3,16707.25,0
2025-11-25,16722.25,16760.6,16681.8,16712.2,0
2025-11-26,16723.7,16933.6,16723.7,16925.75,0
2025-11-27,16966.95,16972.7,16871.7,16926.55,0
2025-11-28,16942.55,16949.1,16894.25,16915.1,0
2025-12-01,16983.55,16985.2,16861.7,16900.7,0
2025-12-02,16876.5,16921.55,16812.35,16843.85,0
2025-12-03,16841.6,16859.65,16697.35,16741.6,0
2025-12-04,16746.6,16818.85,16724.3,16754.05,0
2025-12-05,16743.35,16841.85,16704.05,16831.2,0
2025-12-08,16824.9,16839.5,16544.0,16599.3,0
2025-12-09,16545.45,16629.85,16389.95,16605.35,0
2025-12-10,16624.6,16678.75,16485.35,16503.8,0
2025-12-11,16511.3,16625.8,16463.9,16619.15,0
2025-12-12,16669.55,16778.3,16664.1,16768.5,0
2025-12-15,16725.1,16766.25,16659.75,16759.65,0
2025-12-16,16730.9,16736.3,16617.95,16644.25,0
2025-12-17,16655.9,16687.5,16546.7,16582.5,0
2025-12-18,16572.6,16631.85,16480.2,16594.45,0
2025-12-19,16638.85,16752.35,16626.3,16741.95,0
2025-12-22,16799.6,16884.1,16783.3,16875.9,0
2025-12-23,16901.65,16909.1,16835.05,16891.5,0
2025-12-24,16900.55,16937.75,16828.95,16839.05,0
2025-12-26,16831.9,16879.45,16772.4,16790.8,0
2025-12-29,16806.95,16829.55,16705.7,16723.4,0
2025-12-30,16718.1,16732.65,16659.9,16708.3,0
2025-12-31,16741.0,16895.5,16740.6,16854.95,0
2026-01-01,16887.7,16908.55,16825.35,16900.55,0
2026-01-02,16926.75,17049.2,16913.8,17043.75,0
2026-01-05,17068.8,17077.75,16961.7,17013.65,0
2026-01-06,17009.8,17035.65,16924.95,16981.05,0
2026-01-07,16976.1,17029.0,16950.3,17008.85,0
2026-01-08,16997.7,17002.35,16730.25,16746.9,0
2026-01-09,16727.4,16802.4,16558.8,16607.05,0
2026-01-12,16604.8,16643.65,16400.1,16626.0,0
2026-01-13,16690.0,16716.8,16482.7,16595.45,0
2026-01-14,16559.5,16647.45,16536.3,16600.35,0
2026-01-16,16620.05,16730.6,16585.15,16613.2,0
2026-01-19,16582.05,16597.55,16508.0,16544.0,0
2026-01-20,16537.45,16538.75,16165.95,16211.65,0
2026-01-21,16154.95,16238.15,15919.45,16104.7,0
2026-01-22,16236.1,16349.35,16160.55,16252.3,0
2026-01-23,16300.4,16301.15,16001.25,16021.8,0
2026-01-27,16060.25,16153.7,15910.6,16106.5,0
2026-01-28,16164.0,16326.65,16155.75,16310.85,0
2026-01-29,16336.0,16360.4,16196.0,16344.0,0
2026-01-30,16243.45,16330.6,16176.95,16309.0,0
2026-02-01,16309.85,16370.25,15760.7,15976.1,0
2026-02-02,15969.5,16170.05,15817.8,16139.75,0
2026-02-03,16842.5,16884.85,16509.55,16582.2,0
2026-02-04,16562.1,16672.75,16461.85,16654.2,0
2026-02-05,16642.7,16642.7,16511.65,16585.05,0
2026-02-06,16552.1,16610.25,16428.15,16598.8,0
2026-02-09,16712.95,16797.05,16669.2,16789.55,0
2026-02-10,16847.8,16873.25,16794.9,16843.05,0
2026-02-11,16876.95,16877.45,16796.2,16857.5,0
2026-02-12,16839.55,16839.55,16715.8,16769.6,0
2026-02-13,16629.75,16632.65,16482.95,16518.0,0
2026-02-16,16467.5,16634.65,16419.75,16623.5,0
2026-02-17,16609.7,16680.65,16567.7,16666.05,0
2026-02-18,16688.95,16755.4,16633.55,16746.1,0
2026-02-19,16775.95,16781.8,16445.0,16490.65,0
2026-02-20,16456.95,16615.9,16437.5,16570.25,0
2026-02-23,16626.7,16669.65,16534.5,16600.15,0
2026-02-24,16553.1,16553.15,16382.75,16500.0,0
2026-02-25,16559.9,16629.65,16510.0,16580.45,0
2026-02-26,16620.5,16666.7,16549.95,16637.25,0
2026-02-27,16619.05,16623.75,16421.75,16442.55,0
2026-03-02,15966.0,16328.5,15961.35,16196.65,0
2026-03-04,15928.4,15952.9,15779.65,15877.7,0
2026-03-05,15972.15,16138.15,15918.15,16094.5,0
2026-03-06,16046.9,16119.1,15933.0,15949.95,0
2026-03-09,15619.25,15668.95,15414.45,15644.5,0
2026-03-10,15833.6,15889.4,15713.1,15855.45,0
2026-03-11,15874.15,15938.0,15616.95,15643.55,0
2026-03-12,15539.35,15675.3,15386.8,15562.3,0
2026-03-13,15473.8,15495.3,15156.1,15185.15,0
2026-03-16,15157.35,15294.8,14955.1,15221.85,0
2026-03-17,15286.55,15399.3,15185.45,15358.35,0
2026-03-18,15393.2,15619.7,15383.1,15568.1,0
2026-03-19,15270.65,15321.4,15022.3,15075.9,0
2026-03-20,15170.4,15327.7,15132.5,15156.6,0
2026-03-23,14982.95,14985.65,14613.3,14650.1,0
2026-03-24,14933.85,15037.45,14712.1,14960.55,0
2026-03-25,15087.3,15363.5,15087.1,15268.35,0
2026-03-27,15181.8,15185.3,14922.6,14937.3,0
2026-03-30,14750.3,14825.3,14548.6,14574.5,0
2026-04-01,14960.1,15032.45,14812.5,14865.4,0
2026-04-02,14679.8,14884.7,14445.65,14851.55,0
2026-04-06,14883.65,15062.8,14730.1,15046.15,0
2026-04-07,14967.5,15114.7,14860.25,15101.8,0
2026-04-08,15600.25,15718.05,15560.5,15699.6,0
2026-04-09,15678.75,15749.65,15563.8,15663.25,0
2026-04-10,15747.5,15903.75,15736.25,15891.8,0
2026-04-13,15578.7,15829.0,15502.8,15778.9,0
2026-04-15,16020.4,16106.25,16014.5,16089.05,0
2026-04-16,16207.8,16237.0,16042.55,16146.05,0
2026-04-17,16158.1,16318.55,16115.15,16308.0,0
2026-04-20,16337.35,16394.1,16194.6,16304.9,0
2026-04-21,16331.95,16443.55,16326.55,16415.8,0
2026-04-22,16373.95,16434.55,16345.15,16391.7,0
2026-04-23,16319.35,16381.8,16262.55,16282.45,0
2026-04-24,16278.55,16331.1,16041.85,16113.4,0
2026-04-27,16176.55,16330.8,16173.6,16306.05,0
2026-04-28,16304.95,16364.85,16254.6,16283.45,0
2026-04-29,16366.0,16448.1,16307.1,16328.4,0
2026-04-30,16240.55,16247.8,16056.7,16181.9,0
2026-05-04,16268.4,16380.3,16198.5,16286.4,0
2026-05-05,16269.3,16302.6,16183.2,16279.5,0
2026-05-06,16417.8,16536.3,16339.95,16523.3,0
2026-05-07,16593.6,16663.3,16539.7,16618.7,0
2026-05-08,16599.35,16608.6,16531.0,16558.45,0
2026-05-11,16457.15,16458.95,16326.85,16344.0,0
2026-05-12,16302.95,16332.9,15958.55,15977.15,0
2026-05-13,15976.6,16161.85,15917.55,16050.25,0
2026-05-14,16144.2,16276.4,16031.0,16238.9,0
2026-05-15,16281.6,16306.0,16154.5,16175.5,0
2026-05-18,16069.45,16164.2,15899.8,16143.0,0
2026-05-19,16176.3,16299.45,16170.95,16206.45,0
2026-05-20,16106.15,16271.45,16061.85,16256.2,0
2026-05-21,16375.9,16401.4,16235.5,16266.2,0
2026-05-22,16302.1,16344.1,16262.2,16298.85,0
2026-05-25,16446.95,16491.85,16426.1,16476.0,0
2026-05-26,16480.95,16544.0,16447.35,16484.8,0
2026-05-27,16489.8,16559.8,16484.65,16537.7,0
2026-05-29,16584.55,16617.45,16263.3,16304.65,0
2026-06-01,16375.2,16403.1,16102.5,16121.2,0
2026-06-02,16026.8,16194.2,15975.8,16167.7,0
2026-06-03,16148.6,16159.6,15929.3,16109.25,0
2026-06-04,16055.0,16204.5,16025.45,16151.25,0
2026-06-05,16205.7,16242.25,16057.35,16117.5,0
2026-06-08,15918.45,16050.3,15858.15,15904.3,0
2026-06-09,15996.7,16081.0,15972.8,16065.4,0
2026-06-10,16073.7,16118.05,15904.0,15930.45,0
2026-06-11,15857.75,15931.6,15804.25,15829.65,0
2026-06-12,16022.95,16198.4,15958.05,16185.0,0
2026-06-15,16440.5,16488.75,16380.5,16405.1,0
2026-06-16,16457.1,16484.85,16399.05,16476.35,0
2026-06-17,16514.5,16562.85,16475.05,16555.05,0
2026-06-18,16576.3,16634.2,16543.3,16624.45,0
2026-06-19,16539.9,16629.0,16501.15,16607.65,0
2026-06-22,16675.95,16706.95,16647.85,16684.3,0
2026-06-23,16689.6,16714.85,16482.65,16505.95,0
2026-06-24,16495.4,16614.75,16442.7,16566.4,0
2026-06-25,16636.15,16664.3,16517.1,16532.75,0
2026-06-29,16528.75,16558.3,16401.3,16462.3,0
2026-06-30,16510.9,16544.9,16410.95,16476.35,0
2026-07-01,16507.95,16565.55,16494.75,16543.6,0
2026-07-02,16596.95,16646.6,16581.8,16638.45,0
2026-07-03,16735.7,16735.75,16631.4,16643.8,0
2026-07-06,16677.6,16739.1,16660.5,16729.75,0
2026-07-07,16758.45,16765.2,16665.85,16689.55,0
2026-07-08,16599.65,16651.3,16313.8,16380.0,0
2026-07-09,16419.75,16584.25,16418.05,16530.2,0
2026-07-10,16645.2,16738.2,16641.95,16730.55,0
2026-07-13,16625.2,16747.25,16580.35,16726.15,0
2026-07-14,16654.3,16693.2,16603.1,16634.7,0
2026-07-15,16672.65,16749.3,16645.2,16684.5,0
2026-07-16,16733.55,16740.3,16632.05,16643.8,0
2026-07-17,16671.45,16698.7,16616.0,16682.65,0
2026-07-20,16627.95,16731.3,16613.8,16711.8,0
2026-07-21,16716.7,16748.1,16685.9,16734.75,0
2026-07-22,16723.75,16724.55,16559.85,16582.05,0
2026-07-23,16529.0,16583.25,16421.5,16457.0,0
2026-07-24,16338.15,16446.15,16262.25,16419.45,0
2026-07-27,16534.75,16597.0,16533.3,16591.05,0
2026-07-28,16592.15,16612.8,16555.15,16576.7,0
2026-07-29,16673.55,16751.1,16654.0,16732.25,0
2026-07-30,16723.65,16745.1,16660.75,16719.2,0
2026-07-31,16759.55,16827.25,16723.85,16796.85,0
2026-08-03,16902.7,17029.0,16873.5,17028.5,0
2026-08-04,17012.3,17012.3,16873.65,16949.55,0
2026-08-05,17021.1,17021.85,16916.9,16977.95,0
2026-08-06,16988.55,17001.0,16940.1,16948.65,0
2026-08-07,16911.35,16980.2,16903.65,16952.9,0
2026-08-10,16977.95,17020.95,16925.75,16997.2,0
2026-08-11,17008.75,17008.9,16923.7,16959.25,0
2026-08-12,16968.7,16976.4,16857.05,16973.65,0
2026-08-13,16975.5,16975.5,16911.25,16968.4,0
2026-08-14,16955.65,16958.15,16892.15,16911.65,0
2026-08-17,16902.15,16938.25,16840.2,16902.05,0
2026-08-18,16876.2,16894.55,16827.45,16828.65,0
2026-08-19,16833.45,16841.65,16745.0,16777.0,0
2026-08-20,16872.55,16905.4,16844.95,16856.5,0
2026-08-21,16879.2,16879.8,16816.75,16864.75,0
2026-08-24,16887.35,16906.3,16823.55,16861.95,0
2026-08-25,16846.05,16945.7,16804.85,16942.85,0
2026-08-26,16968.25,16999.1,16907.05,16908.2,0
2026-08-27,16946.85,16971.25,16862.05,16863.45,0
2026-08-28,16882.85,16905.75,16833.15,16882.9,0
2026-08-31,16849.85,16861.15,16718.85,16858.65,0
2026-09-01,16832.85,16833.25,16666.0,16729.7,0
2026-09-02,16621.3,16642.75,16518.0,16641.45,0
2026-09-03,16694.05,16713.65,16650.15,16670.7,0
2026-09-04,16686.25,16723.95,16654.9,16654.9,0
2026-09-07,16652.5,16665.0,16549.5,16576.65,0
2026-09-08,16569.3,16573.75,16511.65,16554.35,0
2026-09-09,16485.4,16525.65,16447.35,16459.3,0
2026-09-10,16459.8,16473.9,16386.5,16433.9,0
2026-09-11,16314.15,16400.8,16222.95,16381.65,0
2026-09-15,16466.15,16481.35,16087.45,16087.45,0
2026-09-16,16123.95,16171.8,15978.95,16120.65,0
2026-09-17,16116.85,16270.05,16111.25,16224.6,0
2026-09-18,16263.55,16390.45,16262.05,16385.6,0
2026-09-21,16357.0,16409.35,16349.95,16374.9,0
2026-09-22,16405.1,16431.95,16298.95,16334.35,0
2026-09-23,16357.5,16437.9,16357.5,16432.45,0
